fitofisionomia;parcela;bandeja;coleta;especie;peso;
FAAC;faperj1.2;1;dez/22;Ocotea notata;2.58;x
FAAC;faperj1.2;1;dez/22;"""Eugenia rigida""";1.4;
FAAC;faperj1.2;1;dez/22;Galhos;1.07;
FAAC;faperj1.2;1;dez/22;Miscelanea;0.3;
FAAC;faperj1.2;1;dez/22;Neomitrantes obscura;0.13;
FAAC;faperj1.2;1;dez/22;Clusia hilariana;1.06;
FAAC;faperj1.2;2;dez/22;Ternostroemia brasiliensis;1.11;
FAAC;faperj1.2;2;dez/22;Galhos;0.37;
FAAC;faperj1.2;2;dez/22;"""Cromada""";0.26;
FAAC;faperj1.2;2;dez/22;Protium icicariba;0.26;
FAAC;faperj1.2;2;dez/22;Ocotea notata;0.32;
FAAC;faperj1.2;3;dez/22;Neomitrantes obscura;6.24;
FAAC;faperj1.2;3;dez/22;Miscelanea;0.42;
FAAC;faperj1.2;3;dez/22;Estrutura reprodutiva;0.15;
FAAC;faperj1.2;3;dez/22;Smilax rufescens;0.29;
FAAC;faperj1.2;3;dez/22;Galhos;0.41;
FAAC;faperj1.2;3;dez/22;Ocotea notata;0.01;
FAAC;faperj1.2;3;dez/22;Clusia hilariana;3.88;
FAAC;faperj1.2;3;dez/22;Paulinea weinmanifolia;0.07;
FAAC;faperj4.2;1;dez/22;Ternostroemia brasiliensis;6.44;x
FAAC;faperj4.2;1;dez/22;Clusia hilariana;1.23;
FAAC;faperj4.2;1;dez/22;Capparis flexuosa;0.45;
FAAC;faperj4.2;1;dez/22;Amaioua Pilosa;0.06;
FAAC;faperj4.2;1;dez/22;Miscelanea;0.6;
FAAC;faperj4.2;1;dez/22;Galhos;1.72;
FAAC;faperj4.2;2;dez/22;"""Eugenia rigida""";0.19;
FAAC;faperj4.2;2;dez/22;Estrutura reprodutiva;1.16;
FAAC;faperj4.2;2;dez/22;Galhos;0.51;
FAAC;faperj4.2;2;dez/22;Ternostroemia brasiliensis;0.06;
FAAC;faperj4.2;2;dez/22;"""B esmaltada""";0.69;
FAAC;faperj4.2;2;dez/22;Miscelanea;0.75;
FAAC;faperj4.2;3;dez/22;Miscelanea;0.29;
FAAC;faperj4.2;3;dez/22;Clusia hilariana;0.36;
FAAC;faperj4.2;3;dez/22;Ternostroemia brasiliensis;12.24;
FAAC;faperj4.2;3;dez/22;"""Quase Clusia""";0.44;
MPI;faperj6;1;dez/22;Clusia hilariana;6.7;x
MPI;faperj6;1;dez/22;Ocotea notata;0.15;
MPI;faperj6;1;dez/22;Paulinea weinmanifolia;0.13;
MPI;faperj6;1;dez/22;Galhos;0.21;
MPI;faperj6;1;dez/22;Miscelanea;0.19;
MPI;faperj6;2;dez/22;Clusia hilariana;8.93;
MPI;faperj6;2;dez/22;Estrutura reprodutiva;0.12;
MPI;faperj6;2;dez/22;Neomitrantes obscura;0.05;
MPI;faperj6;2;dez/22;Galhos;0.22;
MPI;faperj6;3;dez/22;Estrutura reprodutiva;0.17;
MPI;faperj6;3;dez/22;Clusia hilariana;7.95;
FAAC;faperj8.2;1;dez/22;Clusia hilariana;2.74;x
FAAC;faperj8.2;1;dez/22;Ocotea notata;0.11;
FAAC;faperj8.2;1;dez/22;Galhos;0.12;
FAAC;faperj8.2;1;dez/22;Miscelanea;0.22;
FAAC;faperj8.2;1;dez/22;Estrutura reprodutiva;1.96;
FAAC;faperj8.2;2;dez/22;Galhos;0.13;
FAAC;faperj8.2;2;dez/22;Clusia hilariana;1.29;
FAAC;faperj8.2;2;dez/22;Estrutura reprodutiva;0.26;
FAAC;faperj8.2;2;dez/22;Ocotea notata;0.03;
FAAC;faperj8.2;2;dez/22;Erytroxylum ovalifolium;0.56;
FAAC;faperj8.2;2;dez/22;Finissima;0.08;
FAAC;faperj8.2;3;dez/22;Erytroxylum ovalifolium;0.12;
FAAC;faperj8.2;3;dez/22;Ocotea notata;0.69;
FAAC;faperj8.2;3;dez/22;Galhos;1.64;
FAAC;faperj8.2;3;dez/22;Estrutura reprodutiva;0.09;
FAAC;faperj8.2;3;dez/22;Clusia hilariana;2.71;
FAAC;faperj8.2;3;dez/22;Miscelanea;0.07;
FAAC;faperj9;1;dez/22;Coccoloba arborecens;0.29;x
FAAC;faperj9;1;dez/22;Agarista revoluta;0.3;
FAAC;faperj9;1;dez/22;Ocotea notata;0.25;
FAAC;faperj9;1;dez/22;Protium icicariba;0.09;
FAAC;faperj9;1;dez/22;Amaioua Pilosa;0.1;
FAAC;faperj9;2;dez/22;Clusia hilariana;4.83;
FAAC;faperj9;2;dez/22;Galhos;0.27;
FAAC;faperj9;2;dez/22;Estrutura reprodutiva;0.25;
FAAC;faperj9;2;dez/22;Miscelanea;0.4;
FAAC;faperj9;2;dez/22;Agarista revoluta;0.16;
FAAC;faperj9;3;dez/22;Clusia hilariana;3.07;
FAAC;faperj9;3;dez/22;Humiria balsamifera;0.01;
FAAC;faperj9;3;dez/22;Protium icicariba;0.42;
FAAC;faperj9;3;dez/22;Coccoloba arborecens;0.42;
FAAC;faperj9;3;dez/22;Galhos;1.55;
FAAC;faperj9;3;dez/22;Miscelanea;0.83;
MPI;faperj10;1;dez/22;Humiria balsamifera;0.92;x
MPI;faperj10;1;dez/22;"""Cromada""";0.34;
MPI;faperj10;1;dez/22;Smilax rufescens;1.77;
MPI;faperj10;2;dez/22;Galhos;0.18;
MPI;faperj10;2;dez/22;Chioccoca alba;0.26;
MPI;faperj10;2;dez/22;Protium icicariba;0.42;
MPI;faperj10;2;dez/22;Paulinea weinmanifolia;0.33;
MPI;faperj10;2;dez/22;"""Cromada""";0.48;
MPI;faperj10;2;dez/22;Estrutura reprodutiva;0.77;
MPI;faperj10;2;dez/22;Ocotea notata;0.74;
MPI;faperj10;3;dez/22;Galhos;0.57;
MPI;faperj10;3;dez/22;Paulinea weinmanifolia;0.06;
MPI;faperj10;3;dez/22;"""Myrtacea 1""";0.14;
MPI;faperj10;3;dez/22;Ternostroemia brasiliensis;0.21;
MPI;faperj10;3;dez/22;Ocotea notata;0.96;
MPI;faperj10;3;dez/22;"""Cromada""";0.39;
MPI;faperj10;3;dez/22;Protium icicariba;0.14;
MPI;faperj10;3;dez/22;Clusia hilariana;1.77;
FAAE;faperj11;1;dez/22;Humiria balsamifera;0.76;x
FAAE;faperj11;1;dez/22;Estrutura reprodutiva;2.52;
FAAE;faperj11;1;dez/22;Agarista revoluta;0.04;
FAAE;faperj11;1;dez/22;Galhos;0.53;
FAAE;faperj11;1;dez/22;Smilax rufescens;0.8;
FAAE;faperj11;1;dez/22;Ternostroemia brasiliensis;2.02;
FAAE;faperj11;2;dez/22;Estrutura reprodutiva;0.02;
FAAE;faperj11;2;dez/22;Galhos;0.53;
FAAE;faperj11;2;dez/22;Coccoloba arborescens;1.43;
FAAE;faperj11;2;dez/22;Smilax rufescens;0.76;
FAAE;faperj11;2;dez/22;Humiria balsamifera;0.41;
FAAE;faperj11;2;dez/22;Ternostroemia brasiliensis;0.29;
FAAE;faperj11;2;dez/22;Clusia hilariana;2.4;
FAAE;faperj11;3;dez/22;Coccoloba arborescens;3.62;
FAAE;faperj11;3;dez/22;Humiria balsamifera;0.53;
FAAE;faperj11;3;dez/22;Estrutura reprodutiva;0.41;
FAAE;faperj11;3;dez/22;Clusia hilariana;0.33;
FAAE;faperj11;3;dez/22;Galhos;0.16;
FAAE;faperj11;3;dez/22;Miscelanea;0.5;
FAAC;faperj13;1;dez/22;Ocotea notata;3.44;x
FAAC;faperj13;1;dez/22;Clusia hilariana;1.49;
FAAC;faperj13;1;dez/22;Galhos;1.69;
FAAC;faperj13;1;dez/22;Agarista revoluta;0.05;
FAAC;faperj13;1;dez/22;Miscelanea;0.85;
FAAC;faperj13;2;dez/22;Clusia hilariana;15.27;
FAAC;faperj13;2;dez/22;Estrutura reprodutiva;0.5;
FAAC;faperj13;2;dez/22;Ocotea notata;0.47;
FAAC;faperj13;2;dez/22;Galhos;9.51;
FAAC;faperj13;2;dez/22;Agarista revoluta;0.22;
FAAC;faperj13;3;dez/22;Galhos;0.09;
FAAC;faperj13;3;dez/22;Clusia hilariana;2.55;
FAAC;faperj13;3;dez/22;Ocotea notata;0.9;
FAAC;faperj13;3;dez/22;Protium icicariba;0.19;
FAAC;faperj13;3;dez/22;Miscelanea;0.27;
FPP;faperj15;1;dez/22;Ternostroemia brasiliensis;0.46;x
FPP;faperj15;1;dez/22;Galhos;1.49;
FPP;faperj15;1;dez/22;"""Myrtacea sp1""";0.11;
FPP;faperj15;1;dez/22;Miscelanea;0.44;
FPP;faperj15;1;dez/22;"""Alongada serrilhada""";0.58;
FPP;faperj15;1;dez/22;Estrutura reprodutiva;1.41;
FPP;faperj15;1;dez/22;Calyptrantes brasiliensis;0.31;
FPP;faperj15;2;dez/22;"""Myrtacea sp1""";0.16;
FPP;faperj15;2;dez/22;Estrutura reprodutiva;1.18;
FPP;faperj15;2;dez/22;Galhos;0.62;
FPP;faperj15;2;dez/22;Miscelanea;0.24;
FPP;faperj15;3;dez/22;Ternostroemia brasiliensis;0.05;
FPP;faperj15;3;dez/22;Estrutura reprodutiva;0.83;
FPP;faperj15;3;dez/22;"""Alongada serrilhada""";0.21;
FPP;faperj15;3;dez/22;Maytenus obtisifolia;0.18;
FPP;faperj15;3;dez/22;Galhos;0.65;
FPP;faperj15;3;dez/22;Miscelanea;0.35;
FAAE;faperj16.2;1;dez/22;Miscelanea;0.08;x
FAAE;faperj16.2;1;dez/22;Galhos;0.06;
FAAE;faperj16.2;2;dez/22;Miscelanea;0.08;
FAAE;faperj16.2;2;dez/22;Galhos;0.07;
FAAE;faperj16.2;2;dez/22;Estrutura reprodutiva;0.1;
FAAE;faperj16.2;2;dez/22;Protium icicariba;0.26;
FAAE;faperj16.2;2;dez/22;Ternostroemia brasiliensis;0.24;
FAAE;faperj18;1;dez/22;Miscelanea ;0.85;x
FAAE;faperj18;1;dez/22;Humiria balsamifera;0.01;
FAAE;faperj18;1;dez/22;"""Erythroxylum grande""";0.01;
FAAE;faperj18;1;dez/22;Ocotea notata;0.12;
FAAE;faperj18;1;dez/22;Myrtacea sp1;0.01;
FAAE;faperj18;1;dez.22;"""Cromada""";0.12;
FAAE;faperj18;2;dez.22;Smilax rufescens;0.01;
FAAE;faperj18;2;dez.22;Humiria balsamifera;1.97;
FAAE;faperj18;2;dez.22;Clusia hilariana;2;
FAAE;faperj18;3;dez.22;Humiria balsamifera;0.6;
FAAE;faperj18;3;dez.22;Galhos;0.1;
FAAE;faperj18;3;dez.22;Miscelanea ;0.21;
FAAE;faperj18;3;dez.22;Clusia hilariana;2.02;
FAAE;faperj18;3;dez.22;Estrutura reprodutiva;0.97;
FAAE;faperj19;1;dez.22;Estrutura reprodutiva;0.31;x
FAAE;faperj19;1;dez.22;Protium icicariba;0.15;
FAAE;faperj19;1;dez.22;Clusia hilariana;0.13;
FAAE;faperj19;1;dez.22;Galhos;0.28;
FAAE;faperj19;1;dez.22;Miscelânia;0.32;
FAAE;faperj19;1;dez.22;Humiria balsamifera;0.36;
FAAE;faperj19;2;dez.22;Protium icicariba;0.58;
FAAE;faperj19;2;dez.22;Galhos;0.75;
FAAE;faperj19;2;dez.22;Humiria balsamifera;0.04;
FAAE;faperj19;2;dez.22;Estrutura reprodutiva;0.47;
FAAE;faperj19;3;dez.22;Clusia hilariana;0.79;
FAAE;faperj19;3;dez.22;Protium icicariba;0.36;
FAAE;faperj19;3;dez.22;Estrutura reprodutiva;1.32;
FAAE;faperj19;3;dez.22;Calyptrantes brasiliensis;1.57;
FAAE;faperj19;3;dez.22;Humiria balsamifera;0.34;
FAAE;faperj20;1;dez.22;Protium icicariba;0.12;x
FAAE;faperj20;1;dez.22;Miscelanea;0.15;
FAAE;faperj20;1;dez.22;"""Erythroxylum grande""";0.01;
FAAE;faperj20;1;dez.22;Humiria balsamifera;0.44;
FAAE;faperj20;2;dez.22;Humiria balsamifera;0.09;
FAAE;faperj20;2;dez.22;Calyptranthes brasiliensis;0.75;
FAAE;faperj20;3;dez.22;Calyptranthes brasiliensis;0.51;
FAAE;faperj20;3;dez.22;Protium icicariba;0.74;
FAAE;faperj20;3;dez.22;Galhos;0.01;
FAAE;faperj20;3;dez.22;Erythroxylum ovalifolium;0.01;
FAAE;faperj20;3;dez.22;"""Erythroxylum grande""";0.01;
FAAE;faperj20;3;dez.22;Clusia hilariana;1.16;
FAAC;fap23;1;dez/22;Ocotea notata;0.37;x
FAAC;fap23;1;dez/22;Miscelanea;0.28;
FAAC;fap23;1;dez/22;Estrutura reprodutiva;0.65;
FAAC;fap23;1;dez/22;Protium icicariba;0.37;
FAAC;fap23;1;dez/22;Galhos;0.15;
FAAC;fap23;1;dez/22;Ternostroemia brasiliensis;4.2;
FAAC;fap23;2;dez/22;Asparidosperma parvifolium;0.2;
FAAC;fap23;2;dez/22;Calyptrantes brasiliensis;0.15;
FAAC;fap23;2;dez/22;Ocotea notata;0.94;
FAAC;fap23;2;dez/22;Miscelanea;0.34;
FAAC;fap23;2;dez/22;Galhos;0.5;
FAAC;fap23;3;dez/22;Humiria balsamifera;0.11;
FAAC;fap23;3;dez/22;Clusia hilariana;3.68;
FAAC;fap23;3;dez/22;Ternostroemia brasiliensis;0.08;
FAAC;fap23;3;dez/22;Calyptrantes brasiliensis;0.31;
FAAC;fap23;3;dez/22;Smilax rufescens;0.4;
FAAC;fap23;3;dez/22;"""Eugenia rigida""";0.3;
FAAC;fap23;3;dez/22;Miscelanea;0.22;
FAAC;fap23;3;dez/22;Galhos;0.76;
FAAE;fap24;1;dez/22;Humiria balsamifera;0.01;x
FAAE;fap24;1;dez/22;Smilax rufescens;0.22;
FAAE;fap24;1;dez/22;Agarista revoluta;0.01;
FAAE;fap24;1;dez/22;Protium icicariba;0.27;
FAAE;fap24;1;dez/22;Ternostroemia brasiliensis;0.06;
FAAE;fap24;1;dez/22;Ocotea notata;0.17;
FAAE;fap24;1;dez/22;Miscelanea;0.23;
FAAE;fap24;1;dez/22;Galhos;4.57;
FAAE;fap24;3;dez/22;Agarista revoluta;0.01;
FAAE;fap24;3;dez/22;Vernonia crotonoides;0.35;
FAAE;fap24;3;dez/22;Byrsonima sericea;0.6;
FAAE;fap24;3;dez/22;Smilax rufescens;0.33;
FAAE;fap24;3;dez/22;Humiria balsamifera;2.01;
FAAE;fap24;3;dez/22;Miscelanea;0.35;
FAAE;fap24;3;dez/22;Galhos;0.1;
FAAE;fap25;1;dez/22;Clusia hilariana;2.24;x
FAAE;fap25;1;dez/22;Humiria balsamifera;1.5;
FAAE;fap25;1;dez/22;Calyptrantes brasiliensis;0.11;
FAAE;fap25;1;dez/22;Miscelanea;0.15;
FAAE;fap25;1;dez/22;Galhos;1.16;
FAAE;fap25;2;dez/22;Amaioua Pilosa;0.64;
FAAE;fap25;2;dez/22;Agarista revoluta;0.26;
FAAE;fap25;2;dez/22;Humiria balsamifera;1.12;
FAAE;fap25;2;dez/22;Galhos;0.68;
FAAE;fap25;2;dez/22;Miscelanea;1.17;
FAAE;fap25;3;dez/22;Amaioua Pilosa;0.99;
FAAE;fap25;3;dez/22;Clusia hilariana;1.14;
FAAE;fap25;3;dez/22;Humiria balsamifera;0.52;
FAAE;fap25;3;dez/22;"""Cipo peludo""";0.01;
FAAE;fap25;3;dez/22;Miscelanea;0.11;
FAAE;fap25;3;dez/22;Galhos;0.12;
FAAE;fap25;3;dez/22;Estrutura reprodutiva;0.27;
FAAC;fap26;1;dez/22;Ocotea notata;1.23;x
FAAC;fap26;1;dez/22;Protium icicariba;0.22;
FAAC;fap26;1;dez/22;Miscelanea ;1.77;
FAAC;fap26;1;dez/22;Galhos;0.39;
FAAC;fap26;2;dez/22;Ocotea notata;2.2;
FAAC;fap26;2;dez/22;Miscelanea ;0.7;
FAAC;fap26;2;dez/22;Galhos;0.33;
FAAC;fap26;3;dez/22;Ormosia arborea;2.12;
FAAC;fap26;3;dez/22;Ocotea notata;0.01;
FAAC;fap26;3;dez/22;Galhos;0.21;
FAAC;fap26;3;dez/22;Miscelanea ;0.09;
FAAE;fap27.2;1;dez/22;Paulinea weinmanifolia;0.04;x
FAAE;fap27.2;1;dez/22;Galhos;0.16;
FAAE;fap27.2;1;dez/22;Miscelanea;0.26;
FAAE;fap27.2;1;dez/22;Ternostroemia brasiliensis;0.56;
FAAE;fap27.2;1;dez/22;Byrsonima sericea;1.19;
FAAE;fap27.2;1;dez/22;"""Cromada""";0.39;
FAAE;fap27.2;1;dez/22;Ocotea notata;0.29;
FAAE;fap27.2;1;dez/22;Humiria balsamifera;1.84;
FAAE;fap27.2;1;dez/22;Clusia hilariana;1.08;
FAAE;fap27.2;1;dez/22;Miscelanea;0.44;
FAAE;fap27.2;2;dez/22;Smilax rufescens;0.77;
FAAE;fap27.2;2;dez/22;"""Cromada""";0.12;
FAAE;fap27.2;2;dez/22;Estrutura reprodutiva;0.03;
FAAE;fap27.2;2;dez/22;Protium icicariba;0.37;
FAAE;fap27.2;2;dez/22;Humiria balsamifera;2.72;
FAAE;fap27.2;3;dez/22;Paulinea weinmanifolia;0.15;
FAAE;fap27.2;3;dez/22;Miscelanea;0.92;
FAAE;fap27.2;3;dez/22;"""Cromada""";1.5;
FAAE;fap27.2;3;dez/22;Calyptrantes brasiliensis;0.22;
FAAE;fap27.2;3;dez/22;Humiria balsamifera;2.16;
FAAC;fap28;1;dez/22;Protium icicariba;0.19;x
FAAC;fap28;1;dez/22;Neomitrantes obscura;0.18;
FAAC;fap28;1;dez/22;Humiria balsamifera;1.8;
FAAC;fap28;1;dez/22;Galhos;4.05;
FAAC;fap28;1;dez/22;Miscelanea;0.7;
FAAC;fap28;2;dez/22;Neomitrantes obscura;5.28;
FAAC;fap28;2;dez/22;Protium icicariba;0.47;
FAAC;fap28;2;dez/22;Coccoloba arborescens;1.07;
FAAC;fap28;2;dez/22;Smilax rufescens;0.01;
FAAC;fap28;2;dez/22;Humiria balsamifera;0.13;
FAAC;fap28;2;dez/22;Galhos;0.48;
FAAC;fap28;2;dez/22;Miscelanea;1.52;
FAAC;fap28;3;dez/22;Galhos;0.65;
FAAC;fap28;3;dez/22;Miscelanea;0.4;
FAAC;fap28;3;dez/22;Amaioua pilosa;0.11;
FAAC;fap28;3;dez/22;Clusia hilariana;2.43;
FAAC;fap28;3;dez/22;Coccoloba arborescens;0.55;
FAAC;fap28;3;dez/22;Neomitrantes obscura;0.42;
FAAC;fap28;3;dez/22;Calyptrantes brasiliensis;0.84;
FAAE;fap29;1;dez/22;Humiria balsamifera;0.98;x
FAAE;fap29;1;dez/22;Guapira oposita;0.24;
FAAE;fap29;1;dez/22;Clusia hilariana;2.09;
FAAE;fap29;1;dez/22;Galhos;4.6;
FAAE;fap29;1;dez/22;Miscelanea;0.62;
FAAE;fap29;2;dez/22;Protium icicariba;0.47;
FAAE;fap29;2;dez/22;Calyptrantes brasiliensis;0.21;
FAAE;fap29;2;dez/22;Humiria balsamifera;0.96;
FAAE;fap29;2;dez/22;Galhos;0.05;
FAAE;fap29;2;dez/22;Estrutura reprodutiva;0.1;
FAAE;fap29;2;dez/22;Miscelanea;0.2;
FAAE;fap29;3;dez/22;Humiria balsamifera;1.73;
FAAE;fap29;3;dez/22;Galhos;0.22;
FAAE;fap29;3;dez/22;Estrutura reprodutiva;0.7;
MPI;fap31.2;1;dez/22;Ocotea notata;0.31;x
MPI;fap31.2;1;dez/22;Calyptranthes brasiliensis;0.12;
MPI;fap31.2;1;dez/22;Miscelanea ;0.13;
MPI;fap31.2;1;dez/22;Galhos;3.3;
MPI;fap31.2;2;dez/22;"""Eugênia rígida""";0.18;
MPI;fap31.2;2;dez/22;Galhos;0.12;
MPI;fap31.2;2;dez/22;Estrutura reprodutiva;0.68;
MPI;fap31.2;2;dez/22;Miscelanea ;0.15;
MPI;fap31.2;2;dez/22;"""Erythroxylum grande""";1.72;
MPI;fap31.2;2;dez/22;Ocotea notata;3.59;
MPI;fap31.2;3;dez/22;Miscelanea ;0.14;
MPI;fap31.2;3;dez/22;Agarista revoluta;0.01;
MPI;fap31.2;3;dez/22;"""Eugênia rígida""";0.28;
MPI;fap31.2;3;dez/22;Ocotea notata;0.57;
MPI;fap31.2;3;dez/22;Myrtacea sp1;0.48;
MPI;fap31.2;3;dez/22;Galhos;0.97;
MPI;fap31.2;3;dez/22;Clusia hilariana;7.36;
MPI;fap31.2;3;dez/22;Estrutura reprodutiva;2.28;
FAAC;fap32;1;dez/22;Protium icicariba;0.01;x
FAAC;fap32;1;dez/22;"""Cromada""";0.58;
FAAC;fap32;1;dez/22;Ocotea notata;0.25;
FAAC;fap32;1;dez/22;Ternostroemia brasiliensis;0.36;
FAAC;fap32;1;dez/22;Galhos;0.08;
FAAC;fap32;1;dez/22;Miscelanea;0.51;
MPI;fap33;1;dez/22;Clusia hilariana;1.69;x
MPI;fap33;1;dez/22;"""Cromada""";0.01;
MPI;fap33;1;dez/22;Coccoloba arborescens;0.2;
MPI;fap33;1;dez/22;Ternostroemia brasiliensis;2.69;
MPI;fap33;1;dez/22;Ocotea notata;1.49;
MPI;fap33;1;dez/22;Miscelanea;0.31;
MPI;fap33;1;dez/22;Estrutura reprodutiva;0.32;
MPI;fap33;1;dez/22;Galhos;0.4;
MPI;fap33;2;dez/22;Ormosia arborea;0.23;
MPI;fap33;2;dez/22;Ternostroemia brasiliensis;0.16;
MPI;fap33;2;dez/22;"""Cromada""";0.24;
MPI;fap33;2;dez/22;Coccoloba arborescens;0.82;
MPI;fap33;2;dez/22;Ocotea notata;0.84;
MPI;fap33;2;dez/22;Miscelanea;0.22;
MPI;fap33;2;dez/22;Galhos;0.03;
MPI;fap33;2;dez/22;Estrutura reprodutiva;0.98;
MPI;fap33;2;dez/22;Humiria balsamifera;0.07;
MPI;fap33;2;dez/22;Clusia hilariana;8.25;
MPI;fap33;3;dez/22;Chioccoca alba;0.14;
MPI;fap33;3;dez/22;Coccoloba arborescens;1.54;
MPI;fap33;3;dez/22;Clusia hilariana;1.04;
MPI;fap33;3;dez/22;Ocotea notata;1.47;
MPI;fap33;3;dez/22;"""Cromada""";1.13;
MPI;fap33;3;dez/22;Ternostroemia brasiliensis;0.29;
MPI;fap33;3;dez/22;Galhos;0.71;
MPI;fap33;3;dez/22;Miscelanea;0.63;
MPI;fap33;3;dez/22;Estrutura reprodutiva;0.31;
FAAC;fap34;1;dez/22;Clusia hilariana;7.6;x
FAAC;fap34;1;dez/22;"""Cromada""";0.11;
FAAC;fap34;1;dez/22;Estrutura reprodutiva;1.17;
FAAC;fap34;1;dez/22;Galhos ;0.1;
FAAC;fap34;2;dez/22;Ocotea notata;0.01;
FAAC;fap34;2;dez/22;Clusia hilariana;3.36;
FAAC;fap34;2;dez/22;Miscelanea ;0.19;
FAAC;fap34;3;dez/22;Erythroxylum ovalifolium;0.22;
FAAC;fap34;3;dez/22;Humiria balsamifera;0.64;
FAAC;fap34;3;dez/22;Clusia hilariana;8.95;
FAAC;fap34;3;dez/22;Estrutura reprodutiva;0.33;
FAAC;fap34;3;dez/22;Galhos;0.09;
FAAC;fap35;1;dez/22;Humiria balsamifera;0.46;x
FAAC;fap35;1;dez/22;Ocotea notata;0.35;
FAAC;fap35;1;dez/22;Calyptrantes brasiliensis;0.3;
FAAC;fap35;1;dez/22;Miscelanea;1.25;
FAAC;fap35;1;dez/22;Galhos;0.28;
FAAC;fap35;2;dez/22;Coccoloba arborescens;0.4;
FAAC;fap35;2;dez/22;Ocotea notata;0.18;
FAAC;fap35;2;dez/22;Humiria balsamifera;0.01;
FAAC;fap35;2;dez/22;Clusia hilariana;0.35;
FAAC;fap35;2;dez/22;Estrutura reprodutiva;0.24;
FAAC;fap35;2;dez/22;Miscelanea;0.29;
FAAC;fap35;3;dez/22;Clusia hilariana;1.28;
FAAC;fap35;3;dez/22;Ocotea notata;0.03;
FAAC;fap35;3;dez/22;Coccoloba arborescens;0.12;
FAAC;fap35;3;dez/22;Miscelanea;0.28;
MPI;faperj38;1;dez/22;Coccoloba arborescens;2.3;x
MPI;faperj38;1;dez/22;Ocotea notata;0.22;
MPI;faperj38;1;dez/22;"""Cromada""";1.34;
MPI;faperj38;1;dez/22;Miscelanea;1.26;
MPI;faperj38;1;dez/22;Paulinea weinmanifolia;0.81;
MPI;faperj38;1;dez/22;Galhos;0.28;
MPI;faperj38;1;dez/22;Chioccoca alba;0.14;
MPI;faperj38;2;dez/22;Estrutura reprodutiva;0.18;
MPI;faperj38;2;dez/22;Paulinea weinmanifolia;0.22;
MPI;faperj38;2;dez/22;Coccoloba arborescens;0.6;
MPI;faperj38;2;dez/22;Calyptranthes brasiliensis;0.07;
MPI;faperj38;2;dez/22;Miscelanea;0.36;
MPI;faperj38;2;dez/22;Ocotea notata;1.08;
MPI;faperj38;3;dez/22;Miscelanea;1.15;
MPI;faperj38;3;dez/22;Galhos;0.4;
MPI;faperj38;3;dez/22;Estrutura reprodutiva;2.2;
MPI;faperj38;3;dez/22;Clusia hilariana;0.68;
MPI;faperj38;3;dez/22;Ocotea notata;0.52;
MPI;faperj38;3;dez/22;"""B esmaltada""";1.28;
MPI;faperj38;3;dez/22;Chioccoca alba;0.47;
MPI;faperj39;1;dez/22;Ocotea notata;1.18;x
MPI;faperj39;1;dez/22;"""Cromada""";0.1;
MPI;faperj39;1;dez/22;Estrutura reprodutiva;0.28;
MPI;faperj39;1;dez/22;Miscelanea;0.38;
MPI;faperj39;1;dez/22;Galhos;0.56;
MPI;faperj39;2;dez/22;Clusia hilariana;5.25;
MPI;faperj39;2;dez/22;Ocotea notata;0.42;
MPI;faperj39;2;dez/22;Capparis flexuosa;0.17;
MPI;faperj39;2;dez/22;Paulinea weinmanifolia;0.13;
MPI;faperj39;2;dez/22;Miscelanea;0.13;
MPI;faperj39;2;dez/22;Estrutura reprodutiva;1.97;
MPI;faperj39;2;dez/22;Galhos;0.12;
MPI;faperj39;3;dez/22;Ocotea notata;0.8;
MPI;faperj39;3;dez/22;"""Cromada""";0.72;
MPI;faperj39;3;dez/22;"""Eugênia rígida""";0.95;
MPI;faperj39;3;dez/22;Chioccoca alba;0.09;
MPI;faperj39;3;dez/22;Smilax rufescens;0.11;
MPI;faperj39;3;dez/22;Capparis flexuosa;0.12;
MPI;faperj39;3;dez/22;Anthurium maricense;0.79;
FAAC;faperj40;1;dez/22;"""Cromada""";0.51;x
FAAC;faperj40;1;dez/22;Galhos;2.63;
FAAC;faperj40;1;dez/22;Miscelanea;3.6;
FAAC;faperj40;2;dez/22;Smilax rufescens;0.18;
FAAC;faperj40;2;dez/22;Ocotea notata;0.62;
FAAC;faperj40;2;dez/22;Paulinea weinmanifolia;0.43;
FAAC;faperj40;2;dez/22;Galhos;0.85;
FAAC;faperj40;2;dez/22;Miscelanea;1.15;
FAAC;faperj40;3;dez/22;Maytenus obtusifolia;2.63;
FAAC;faperj40;3;dez/22;"""Cromada""";2.17;
FAAC;faperj40;3;dez/22;Galhos;1.74;
FAAC;faperj40;3;dez/22;Miscelanea;1.21;
FPP;fap40.3;1;dez/22;Eugenia umbelifolia;0.03;x
FPP;fap40.3;1;dez/22;Clusia hilariana;4.15;
FPP;fap40.3;1;dez/22;Smilax rufescens;0.17;
FPP;fap40.3;2;dez/22;Eugenia umbelifolia;0.1;
FPP;fap40.3;2;dez/22;Miscelânia;0.74;
FPP;fap40.3;2;dez/22;Eugenia rígida;0.66;
FPP;fap40.3;2;dez/22;Galhos;0.25;
FPP;fap40.3;2;dez/22;Coccoloba arborescens;0.87;
FPP;fap40.3;3;dez/22;Galhos;0.04;
FPP;fap40.3;3;dez/22;Erytroxylum ovalifolium;0.03;
FPP;fap40.3;3;dez/22;Miscelânia;0.46;
FPP;fap40.3;3;dez/22;Ternostroemia brasiliensis;2.22;
FPP;fap40.3;3;dez/22;Clusia hilariana;4.55;
FAAC;fap41;1;dez/22;Clusia hilariana;9.72;x
FAAC;fap41;1;dez/22;Protium icicariba;0.13;
FAAC;fap41;1;dez/22;Ocotea notata;0.08;
FAAC;fap41;1;dez/22;Estrutura reprodutiva;0.86;
FAAC;fap41;1;dez/22;Ternostroemia brasiliensis;0.2;
FAAC;fap41;1;dez/22;Miscelanea ;0.3;
FAAC;fap41;2;dez/22;Ternostroemia brasiliensis;1.97;
FAAC;fap41;2;dez/22;Estrutura reprodutiva;0.66;
FAAC;fap41;3;dez/22;Clusia hilariana;1.84;
FAAC;fap41;3;dez/22;Calyptranthes brasiliensis;0.39;
FAAC;fap41;3;dez/22;Estrutura reprodutiva;0.01;
FAAC;fap41;3;dez/22;Galhos;0.52;
FAAC;faperj42;1;dez/22;Paulinea weinmanifolia;1.3;x
FAAC;faperj42;1;dez/22;"""Eugenia rigida""";0.08;
FAAC;faperj42;1;dez/22;Miscelanea;0.15;
FAAC;faperj42;1;dez/22;Galhos;0.63;
FAAC;faperj42;2;dez/22;Paulinea weinmanifolia;0.91;
FAAC;faperj42;2;dez/22;Ternostroemia brasiliensis;0.25;
FAAC;faperj42;2;dez/22;"""Eugenia rigida""";5.79;
FAAC;faperj42;2;dez/22;Galhos;0.2;
FAAC;faperj42;2;dez/22;Miscelanea;0.74;
FAAC;faperj42;3;dez/22;Erythroxylum ovalifolium;0.01;
FAAC;faperj42;3;dez/22;Maytenus obtusifolia;0.14;
FAAC;faperj42;3;dez/22;Calyptrantes brasiliensis;0.09;
FAAC;faperj42;3;dez/22;Estrutura reprodutiva;1.49;
FAAC;faperj42;3;dez/22;Galhos;0.2;
FAAC;faperj42;3;dez/22;Miscelanea;4.11;
FAAC;faperj42;3;dez/22;Capparis flexuosa;0.11;
FAAC;faperj43;1;dez/22;Capparis flexuosa;0.97;x
FAAC;faperj43;1;dez/22;Coccoloba arborescens;0.48;
FAAC;faperj43;1;dez/22;Galhos;5.11;
FAAC;faperj43;1;dez/22;Miscelanea;0.6;
FAAC;faperj43;1;dez/22;"""Cromada""";0.49;
FAAC;faperj43;1;dez/22;Ternostroemia brasiliensis;0.41;
FAAC;faperj43;1;dez/22;Chioccoca alba;0.86;
FAAC;faperj43;2;dez/22;Paulinea weinmanifolia;0.19;
FAAC;faperj43;2;dez/22;Coccoloba arborescens;0.41;
FAAC;faperj43;2;dez/22;Estrutura reprodutiva;0.17;
FAAC;faperj43;2;dez/22;Galhos;0.35;
FAAC;faperj43;2;dez/22;Miscelanea;0.45;
FAAC;faperj43;3;dez/22;Clusia hilariana;2.31;
FAAC;faperj43;3;dez/22;Capparis flexuosa;0.17;
FAAC;faperj44;1;dez/22;Ocotea notata;0.16;x
FAAC;faperj44;1;dez/22;Miscelanea;0.18;
FAAC;faperj44;1;dez/22;Galhos;0.07;
FAAC;faperj44;2;dez/22;"""Cromada""";0.63;
FAAC;faperj44;2;dez/22;Estrutura reprodutiva;0.33;
FAAC;faperj44;2;dez/22;Galhos;0.24;
FAAC;faperj44;2;dez/22;Miscelanea;0.96;
FAAC;faperj44;2;dez/22;Ocotea notata;0.22;
FAAC;faperj44;2;dez/22;Smilax rufescens;0.15;
FAAC;faperj44;2;dez/22;Erythroxylum ovalifolium;0.12;
FAAC;faperj44;2;dez/22;"""Eugenia rigida""";3.06;
FAAC;faperj44;3;dez/22;"""Erythroxylum grande""";0.08;
FAAC;faperj44;3;dez/22;Paulinea weinmanifolia;0.01;
FAAC;faperj44;3;dez/22;Miscelanea;1;
FAAC;faperj44;3;dez/22;Galhos;0.3;
MPI;faperj45;1;dez/22;Vernonia crotonoides;0.56;x
MPI;faperj45;1;dez/22;Paulinea weinmanifolia;0.15;
MPI;faperj45;1;dez/22;Maytenus obtusifolia;0.66;
MPI;faperj45;1;dez/22;Ocotea notata;0.55;
MPI;faperj45;1;dez/22;Galhos;0.85;
MPI;faperj45;1;dez/22;Miscelanea;0.05;
MPI;faperj45;2;dez/22;Ocotea notata;0.36;
MPI;faperj45;2;dez/22;Neomitrantes obscura;0.76;
MPI;faperj45;2;dez/22;"""Eugenia rigida""";0.25;
MPI;faperj45;3;dez/22;Ocotea notata;1.41;
MPI;faperj45;3;dez/22;Neomitrantes obscura;0.52;
MPI;faperj45;3;dez/22;Ternostroemia brasiliensis;0.72;
MPI;faperj45;3;dez/22;Estrutura reprodutiva;0.18;
MPI;faperj45;3;dez/22;Galhos;0.14;
MPI;faperj45;3;dez/22;Miscelanea;0.7;
FAAC;faperj46;1;dez/22;Clusia hilariana;3.17;x
FAAC;faperj46;1;dez/22;Capparis flexuosa;0.36;
FAAC;faperj46;1;dez/22;Estrutura reprodutiva;0.83;
FAAC;faperj46;1;dez/22;Ternostroemia brasiliensis;1.2;
FAAC;faperj46;1;dez/22;Miscelanea;0.23;
FAAC;faperj46;2;dez/22;Ocotea notata;0.31;
FAAC;faperj46;2;dez/22;Estrutura reprodutiva;0.11;
FAAC;faperj46;2;dez/22;Miscelanea;0.21;
FAAC;faperj46;3;dez/22;Clusia hilariana;4.83;
FAAC;faperj46;3;dez/22;Miscelanea;0.44;
FAAC;faperj46;3;dez/22;Galhos;0.51;
FAAC;faperj46;3;dez/22;Coccoloba arborescens;0.11;
FAAC;faperj46;3;dez/22;Smilax rufescens;0.08;
FAAC;faperj47;1;dez/22;Ternostroemia brasiliensis;8.06;x
FAAC;faperj47;1;dez/22;Ocotea notata;0.32;
FAAC;faperj47;2;dez/22;Ternostroemia brasiliensis;7.26;
FAAC;faperj47;2;dez/22;Manilkara subsericea;0.3;
FAAC;faperj47;2;dez/22;Miscelanea;1.15;
FAAC;faperj47;2;dez/22;Galhos;0.75;
FAAC;faperj47;2;dez/22;Estrutura reprodutiva;1.97;
FAAC;faperj47;2;dez/22;Ternostroemia brasiliensis;5.03;
FAAC;faperj47;3;dez/22;Paulinea weinmanifolia;0.14;
FAAC;faperj47;3;dez/22;Estrutura reprodutiva;0.2;
FAAC;faperj47;3;dez/22;Miscelanea;0.28;
FAAC;faperj47;3;dez/22;Galhos;0.15;
MPI;faperj48;1;dez/22;Paulinea weinmanifolia;0.71;x
MPI;faperj48;1;dez/22;Clusia hilariana;0.17;
MPI;faperj48;1;dez/22;Chioccoca alba;0.42;
MPI;faperj48;1;dez/22;Galhos;1.59;
MPI;faperj48;1;dez/22;Byrsonima sericea;1.13;
MPI;faperj48;2;dez/22;Paulinea weinmanifolia;0.1;
MPI;faperj48;2;dez/22;Amaioua Pilosa;1.04;
MPI;faperj48;2;dez/22;Miscelanea;0.28;
MPI;faperj48;2;dez/22;Galhos;20;
MPI;faperj48;2;dez/22;Eugenia umbelifolia;0.1;
MPI;faperj48;2;dez/22;Manilkara subsericea;0.15;
MPI;faperj48;2;dez/22;Ocotea notata;0.24;
MPI;faperj48;2;dez/22;Chioccoca alba;0.49;
MPI;faperj48;2;dez/22;Byrsonima sericea;0.44;
MPI;faperj48;3;dez/22;"""Cromada""";0.85;
MPI;faperj48;3;dez/22;Asparidosperma parvifolium;0.01;
MPI;faperj48;3;dez/22;Chioccoca alba;0.28;
MPI;faperj48;3;dez/22;"""B esmaltada""";0.26;
MPI;faperj48;3;dez/22;Paulinea weinmanifolia;0.47;
MPI;faperj48;3;dez/22;Galhos;0.04;
MPI;faperj48;3;dez/22;Miscelanea;0.61;
MPI;faperj48;3;dez/22;Estrutura reprodutiva;0.58;
MPI;faperj48;3;dez/22;Ocotea notata;0.32;
MPI;faperj48;3;dez/22;Amaioua Pilosa;3.67;
FAAC;faperj49;1;dez/22;Clusia hilariana;3.27;x
FAAC;faperj49;1;dez/22;Amaioua Pilosa;0.24;
FAAC;faperj49;1;dez/22;Ocotea notata;0.24;
FAAC;faperj49;1;dez/22;Calyptrantes brasiliensis;4.88;
FAAC;faperj49;1;dez/22;Miscelanea;0.49;
FAAC;faperj49;2;dez/22;Anthurium maricense;2.56;
FAAC;faperj49;2;dez/22;Ternostroemia brasiliensis;2.8;
FAAC;faperj49;2;dez/22;Ocotea notata;0.29;
FAAC;faperj49;2;dez/22;Calyptrantes brasiliensis;0.28;
FAAC;faperj49;2;dez/22;Protium icicariba;0.15;
FAAC;faperj49;2;dez/22;Agarista revoluta;0.15;
FAAC;faperj49;2;dez/22;Galhos;0.07;
FAAC;faperj49;3;dez/22;Smilax rufescens;0.01;
FAAC;faperj49;3;dez/22;Calyptrantes brasiliensis;2.48;
FAAC;faperj49;3;dez/22;Estrutura reprodutiva;0.22;
FAAC;faperj49;3;dez/22;Miscelanea;0.24;
FAAC;faperj49;3;dez/22;Agarista revoluta;0.06;
FAAC;faperj49;3;dez/22;Clusia hilariana;1.62;
FAAC;faperj 50;1;dez/22;Ternostroemia brasiliensis;0.09;x
FAAC;faperj 50;1;dez/22;Protium icicariba;0.33;
FAAC;faperj 50;1;dez/22;Miscelânia;0.51;
FAAC;faperj 50;1;dez/22;Galhos;0.09;
FAAC;faperj 50;1;dez/22;Clusia Hilariana;0.15;
FAAC;faperj 50;1;dez/22;Smilax rufescens;0.62;
FAAC;faperj 50;2;dez/22;Miscelânia;0.48;
FAAC;faperj 50;2;dez/22;Smilax rufescens;0.01;
FAAC;faperj 50;2;dez/22;Ternostroemia brasiliensis;1.72;
FAAC;faperj 50;3;dez/22;Eugenia umbelifolia;0.15;
FAAC;faperj 50;3;dez/22;Miscelânia;0.63;
FAAC;faperj 50;3;dez/22;Ocotea notata;0.53;
FAAC;faperj 50;3;dez/22;Clusia Hilariana;3.34;
FAAC;faperj 50;3;dez/22;Ternostroemia brasiliensis;0.4;
FAAC;faperj 50;3;dez/22;Achmea brasiliensis;0.1;
MPI;faperj51;1;dez/22;Chioccoca alba;0.07;x
MPI;faperj51;1;dez/22;Smilax rufescens;0.06;
MPI;faperj51;1;dez/22;"""Cromada""";0.62;
MPI;faperj51;1;dez/22;Galhos;0.36;
MPI;faperj51;1;dez/22;Humiria balsamifera;0.07;
MPI;faperj51;1;dez/22;Miscelanea;0.5;
MPI;faperj51;1;dez/22;Ocotea notata;0.25;
MPI;faperj51;1;dez/22;Protium icicariba;0.29;
MPI;faperj51;1;dez/22;"""B esmaltada""";0.16;
MPI;faperj51;1;dez/22;Coccoloba arborescens;0.3;
MPI;faperj51;2;dez/22;Smilax rufescens;0.24;
MPI;faperj51;2;dez/22;Ocotea notata;0.5;
MPI;faperj51;2;dez/22;Coccoloba arborescens;0.43;
MPI;faperj51;2;dez/22;Protium icicariba;0.17;
MPI;faperj51;2;dez/22;Miscelanea;0.43;
MPI;faperj51;2;dez/22;Galhos;0.43;
MPI;faperj51;2;dez/22;"""Cromada""";0.35;
MPI;faperj51;2;dez/22;"""B esmaltada""";0.62;
MPI;faperj51;3;dez/22;Ocotea notata;0.16;
MPI;faperj51;3;dez/22;Miscelanea;0.52;
MPI;faperj51;3;dez/22;Galhos;0.34;
MPI;faperj51;3;dez/22;Clusia hilariana;0.19;
MPI;faperj51;3;dez/22;Estrutura reprodutiva;0.05;
MPI;faperj51;3;dez/22;Humiria balsamifera;0.09;
MPI;faperj51;3;dez/22;"""Cromada""";0.17;
MPI;faperj51;3;dez/22;"""B esmaltada""";0.7;
MPI;faperj53;1;dez/22;Coccoloba arborescens;1.71;x
MPI;faperj53;1;dez/22;"""Ovada Oposta""";0.17;
MPI;faperj53;1;dez/22;Calyptrantes brasiliensis;0.09;
MPI;faperj53;1;dez/22;"""Quase Clusia""";1.07;
MPI;faperj53;1;dez/22;"""Erythroxylum grande""";0.7;
MPI;faperj53;1;dez/22;Paulinea weinmanifolia;0.42;
MPI;faperj53;1;dez/22;Galhos;0.36;
MPI;faperj53;1;dez/22;Miscelanea;0.47;
MPI;faperj53;2;dez/22;Paulinea weinmanifolia;0.18;
MPI;faperj53;2;dez/22;"""Quase Clusia""";0.25;
MPI;faperj53;2;dez/22;Ocotea notata;0.07;
MPI;faperj53;2;dez/22;Coccoloba arborescens;2.92;
MPI;faperj53;2;dez/22;Miscelanea;0.47;
MPI;faperj53;2;dez/22;Galhos;0.1;
MPI;faperj53;3;dez/22;Ternostroemia brasiliensis;0.07;
MPI;faperj53;3;dez/22;Ocotea notata;0.41;
MPI;faperj53;3;dez/22;Estrutura reprodutiva;0.22;
MPI;faperj53;3;dez/22;Galhos;0.36;
MPI;faperj53;3;dez/22;"""Quase Clusia""";0.98;
MPI;faperj53;3;dez/22;Miscelanea;0.65;
MPI;faperj53;3;dez/22;Coccoloba arborescens;2.14;
MPI;faperj54;1;dez/22;Miscelanea ;0.81;x
MPI;faperj54;1;dez/22;Chioccoca alba;0.01;
MPI;faperj54;1;dez/22;Galhos;0.87;
MPI;faperj54;1;dez/22;Ocotea notata;0.1;
MPI;faperj54;1;dez/22;Paulinea weinmanifolia;0.1;
MPI;faperj54;1;dez/22;Achmea brasiliensis;1.77;
MPI;faperj54;1;dez/22;Anthurium maricense;1.8;
MPI;faperj54;1;dez/22;Maytenus obtusifolia;0.55;
MPI;faperj54;2;dez/22;Erythroxylum ovalifolium;0.01;
MPI;faperj54;2;dez/22;Smilax rufescens;0.19;
MPI;faperj54;2;dez/22;Calyptranthes brasiliensis;0.51;
MPI;faperj54;2;dez/22;Galhos;0.11;
MPI;faperj54;2;dez/22;Miscelanea ;0.08;
MPI;faperj54;3;dez/22;Clusia hilariana;3.29;
MPI;faperj54;3;dez/22;Ocotea notata;0.25;
MPI;faperj54;3;dez/22;"""Eugênia rígida""";0.6;
MPI;faperj54;3;dez/22;Galhos;0.32;
MPI;faperj54;3;dez/22;Miscelanea ;0.44;
FAAC;faperj55;1;dez/22;Ternostroemia brasiliensis;2.78;x
FAAC;faperj55;1;dez/22;Galhos;0.24;
FAAC;faperj55;1;dez/22;Miscelanea;0.34;
FAAC;faperj55;1;dez/22;Ocotea notata;0.2;
FAAC;faperj55;1;dez/22;Protium icicariba;0.47;
FAAC;faperj55;2;dez/22;Ocotea notata;0.06;
FAAC;faperj55;2;dez/22;Humiria balsamifera;0.22;
FAAC;faperj55;2;dez/22;Galhos;0.71;
FAAC;faperj55;2;dez/22;Miscelanea;0.42;
FAAC;faperj55;3;dez/22;Miscelanea;0.32;
FAAC;faperj55;3;dez/22;Galhos;0.44;
FAAC;faperj55;3;dez/22;Protium icicariba;0.56;
FAAC;faperj55;3;dez/22;Ocotea notata;0.72;
FAAC;faperj56;1;dez/22;Miscelânica;0.35;x
FAAC;faperj56;1;dez/22;Estrutura reprodutiva;1.14;
FAAC;faperj56;1;dez/22;Clusia hilariana;3.84;
FAAC;faperj56;1;dez/22;Ternostroemia brasiliensis;2;
FAAC;faperj56;2;dez/22;Galho;1;
FAAC;faperj56;2;dez/22;Miscelânia;0.78;
FAAC;faperj56;2;dez/22;Erytroxylum ovalifolium;0.07;
FAAC;faperj56;2;dez/22;"""Erytroxylum Grande""";0.31;
FAAC;faperj56;2;dez/22;Ternostroemia brasiliensis;2.8;
FAAC;faperj56;2;dez/22;"""Cromada""";0.05;
FAAC;faperj56;3;dez/22;Smilax rufescens;0.26;
FAAC;faperj56;3;dez/22;Ocotea notata;0.82;
FAAC;faperj56;3;dez/22;"""Cromada""";0.13;
FAAC;faperj56;3;dez/22;Calyptranthes brasiliensis;0.34;
FPP;fap68.2;1;dez/22;Paulinea weinmanifolia;0.21;x
FPP;fap68.2;1;dez/22;Miscelanea;0.18;
FPP;fap68.2;1;dez/22;Capparis flexuosa;0.15;
FPP;fap68.2;1;dez/22;Maytenus obtusifolia;1.13;
FPP;fap68.2;1;dez/22;"""Eugenia rigida""";1.41;
FPP;fap68.2;1;dez/22;Estrutura reprodutiva;0.23;
FPP;fap68.2;1;dez/22;Galhos;0.52;
FPP;fap68.2;2;dez/22;Galhos;1.19;
FPP;fap68.2;2;dez/22;"""Eugenia rigida""";1.19;
FPP;fap68.2;2;dez/22;Miscelanea;0.28;
FPP;fap68.2;2;dez/22;Coccoloba arborescens;0.17;
FPP;fap68.2;2;dez/22;Capparis flexuosa;2.4;
FPP;fap68.2;2;dez/22;Paulinea weinmanifolia;0.19;
FPP;fap68.2;3;dez/22;Paulinea weinmanifolia;0.07;
FPP;fap68.2;3;dez/22;"""Eugenia rigida""";4.03;
FPP;fap68.2;3;dez/22;Miscelanea;0.72;
FAAC;faperj70.2;1;dez/22;Ocotea notata;0.86;x
FAAC;faperj70.2;1;dez/22;Miscelanea;0.28;
FAAC;faperj70.2;1;dez/22;Galhos;1.05;
FAAC;faperj70.2;1;dez/22;Estrutura reprodutiva;1.17;
FAAC;faperj70.2;1;dez/22;Neomitranthes obscura;0.46;
FAAC;faperj70.2;2;dez/22;Galhos;0.42;
FAAC;faperj70.2;2;dez/22;Ocotea notata;0.09;
FAAC;faperj70.2;2;dez/22;Clusia hilariana;2.96;
FAAC;faperj70.2;2;dez/22;Miscelanea;0.28;
FAAC;faperj70.2;3;dez/22;Galhos;0.07;
FAAC;faperj70.2;3;dez/22;Miscelanea;0.48;
MPI;faperj72;1;dez/22;Chioccoca alba;0.71;x
MPI;faperj72;1;dez/22;"""Ovada oposta""";0.95;
MPI;faperj72;1;dez/22;Galhos;1.31;
MPI;faperj72;1;dez/22;Humiria balsamifera;0.58;
MPI;faperj72;1;dez/22;Clusia hilariana;1.2;
MPI;faperj72;1;dez/22;"""Cromada""";5.54;
MPI;faperj72;2;dez/22;Miscelanea;0.51;
MPI;faperj72;2;dez/22;Estrutura reprodutiva;1.42;
MPI;faperj72;2;dez/22;"""Cromada""";1.39;
MPI;faperj72;2;dez/22;Humiria balsamifera;0.1;
MPI;faperj72;2;dez/22;Galhos;0.74;
MPI;faperj72;2;dez/22;Chioccoca alba;0.36;
MPI;faperj72;2;dez/22;Clusia hilariana;2.45;
MPI;faperj72;2;dez/22;Miscelanea;1;
MPI;faperj72;2;dez/22;Ocotea notata;0.28;
MPI;faperj72;3;dez/22;"""Ovada oposta""";0.33;
MPI;faperj72;3;dez/22;Estrutura reprodutiva;0.49;
MPI;faperj72;3;dez/22;Humiria balsamifera;0.47;
MPI;faperj72;3;dez/22;"""Cromada""";2.2;
MPI;faperj72;3;dez/22;Galhos;30.44;
MPI;faperj72;3;dez/22;Chioccoca alba;0.36;
MPI;faperj72;3;dez/22;Protium icicariba;0.17;
FAAC;fap73.2;1;dez/22;Ocotea notata;0.07;x
FAAC;fap73.2;1;dez/22;Capparis flexuosa;1.07;
FAAC;fap73.2;1;dez/22;Clusia hilariana;2.49;
FAAC;fap73.2;1;dez/22;Miscelanea;0.15;
FAAC;fap73.2;2;dez/22;Galhos;4.29;
FAAC;fap73.2;2;dez/22;Capparis flexuosa;0.34;
FAAC;fap73.2;2;dez/22;Miscelanea;0.58;
FAAC;fap73.2;2;dez/22;Clusia hilariana;1.78;
FAAC;fap73.2;2;dez/22;Smilax rufescens;0.15;
FAAC;fap73.2;2;dez/22;Estrutura reprodutiva;1.39;
FAAC;fap73.2;3;dez/22;Ocotea notata;4.49;
FAAC;fap73.2;3;dez/22;Miscelanea;0.48;
FAAC;fap73.2;3;dez/22;Galhos;0.1;
FAAC;fap74;1;dez/22;Protium icicariba;0.43;x
FAAC;fap74;1;dez/22;Calyptrantes brasiliensis;1;
FAAC;fap74;1;dez/22;Miscelanea;0.17;
FAAC;fap74;1;dez/22;Galhos;0.35;
FAAC;fap74;2;dez/22;Ocotea notata;0.14;
FAAC;fap74;2;dez/22;Paulinea weinmanifolia;1.36;
FAAC;fap74;2;dez/22;Galhos;0.15;
FAAC;fap74;2;dez/22;Estrutura reprodutiva;0.25;
FAAC;fap74;3;dez/22;Smilax rufescens;0.07;
FAAC;fap74;3;dez/22;Estrutura reprodutiva;0.3;
FAAC;fap74;3;dez/22;Clusia hilariana;12.1;
FAAC;fap74;3;dez/22;Myrtacea sp1;0.17;
FAAC;fap74;3;dez/22;Miscelanea;0.14;
FAAC;fap74;3;dez/22;Galhos;0.89;
FAAE;fap77;1;dez/22;Ternostroemia brasiliensis;0.31;x
FAAE;fap77;1;dez/22;Ocotea notata;0.01;
FAAE;fap77;1;dez/22;Humiria balsamifera;0.66;
FAAE;fap77;1;dez/22;Estrutura reprodutiva;0.33;
FAAE;fap77;1;dez/22;Galhos;0.24;
FAAE;fap77;2;dez/22;Calyptranthes brasiliensis;0.01;
FAAE;fap77;2;dez/22;Coccoloba arborescens;0.92;
FAAE;fap77;2;dez/22;Miscelanea ;0.09;
FAAE;fap77;3;dez/22;Calyptranthes brasiliensis;0.23;
FAAE;fap77;3;dez/22;Humiria balsamifera;0.28;
FAAE;fap77;3;dez/22;Smilax rufescens;0.24;
FAAE;fap77;3;dez/22;Ternostroemia brasiliensis;0.16;
FAAE;fap77;3;dez/22;Galhos;0.21;
FAAE;fap77;3;dez/22;Miscelanea ;0.49;
FPP;fap78;1;dez/22;Calyptrantes brasiliensis;2.73;x
FPP;fap78;1;dez/22;Smilax rufescens;0.09;
FPP;fap78;1;dez/22;"""Eugenia rigida""";0.36;
FPP;fap78;1;dez/22;Miscelanea;0.65;
FPP;fap78;1;dez/22;Galhos;0.57;
FPP;fap78;1;dez/22;Estrutura reprodutiva;0.01;
FPP;fap78;2;dez/22;"""Eugenia rigida""";8.47;
FPP;fap78;2;dez/22;Galhos;0.37;
FPP;fap78;3;dez/22;Capparis flexuosa;0.22;
FPP;fap78;3;dez/22;"""Eugenia rigida""";3.54;
FPP;fap78;3;dez/22;Maytenus obtusifolia;0.01;
FPP;fap78;3;dez/22;Galhos;0.67;
FPP;fap78;3;dez/22;Miscelanea;1.24;
FPP;fap78;3;dez/22;Estrutura reprodutiva;0.46;
FAAE;fap79;1;dez/22;Protium icicariba;0.75;x
FAAE;fap79;1;dez/22;Smilax rufescens;0.09;
FAAE;fap79;1;dez/22;Coccoloba arborescens;0.37;
FAAE;fap79;1;dez/22;Galhos;0.52;
FAAE;fap79;1;dez/22;Miscelanea;0.7;
FAAE;fap79;1;dez/22;Estrutura reprodutiva;1.35;
FAAE;fap79;2;dez/22;Humiria balsamifera;1;
FAAE;fap79;2;dez/22;Miscelanea;0.54;
FAAE;fap79;2;dez/22;Galhos;0.36;
FAAE;fap79;3;dez/22;Humiria balsamifera;0.36;
FAAE;fap79;3;dez/22;Clusia hilariana;2.6;
FAAE;fap79;3;dez/22;"""Erythroxylum grande""";0.41;
FAAE;fap79;3;dez/22;Byrsonima sericea;0.16;
FAAE;fap79;3;dez/22;Ternostroemia brasiliensis;0.2;
FAAE;fap79;3;dez/22;Estrutura reprodutiva;1.59;
FAAE;fap79;3;dez/22;Miscelanea;0.26;
FPP;faperj80;1;dez/22;Galhos;0.15;x
FPP;faperj80;1;dez/22;Estrutura reprodutiva;0.43;
FPP;faperj80;1;dez/22;Protium icicariba;0.01;
FPP;faperj80;1;dez/22;Paulinea weinmanifolia;0.42;
FPP;faperj80;1;dez/22;Clusia hilariana;1.52;
FPP;faperj80;1;dez/22;Maytenus obtusifolia;1.54;
FPP;faperj80;2;dez/22;Estrutura reprodutiva;2.33;
FPP;faperj80;2;dez/22;Paulinea weinmanifolia;0.09;
FPP;faperj80;2;dez/22;Byrsonima sericea;0.01;
FPP;faperj80;2;dez/22;Erythroxylum ovalifolium;0.28;
FPP;faperj80;2;dez/22;"""Erythroxylum grande""";0.63;
FPP;faperj80;2;dez/22;"""Eugênia rígida""";0.16;
FPP;faperj80;2;dez/22;Galhos ;0.6;
FPP;faperj80;2;dez/22;Capparis flexuosa;0.11;
FPP;faperj80;2;dez/22;Protium icicariba;1.24;
FPP;faperj80;2;dez/22;Achmea brasiliensis;4.71;
FPP;faperj80;3;dez/22;Miscelanea ;1.72;
FPP;faperj80;3;dez/22;Maytenus obtusifolia;3.67;
FPP;faperj80;3;dez/22;"""Erythroxylum grande""";2.33;
FPP;fap85;1;dez/22;"""Eugenia rigida""";2.38;x
FPP;fap85;1;dez/22;Estrutura reprodutiva;0.42;
FPP;fap85;1;dez/22;Galhos;0.27;
FPP;fap85;1;dez/22;Paulinea weinmanifolia;0.36;
FPP;fap85;2;dez/22;Erythroxylum ovalifolium;0.22;
FPP;fap85;3;dez/22;Clusia hilariana;5.82;
FPP;fap85;3;dez/22;Neomitrantes obscura;0.05;
FPP;fap85;3;dez/22;Galhos;1.1;
FPP;fap85;1;dez/22;Miscelanea ;0.14;
MPI;fap90;1;dez/22;Ocotea notata;0.42;x
MPI;fap90;1;dez/22;Coccoloba arborescens;1.71;
MPI;fap90;1;dez/22;Tocoyena bullata;0.17;
MPI;fap90;2;dez/22;Paulinea weinmanifolia;0.11;
MPI;fap90;2;dez/22;Galhos;1.11;
MPI;fap90;2;dez/22;Ormosia arborea;0.1;
MPI;fap90;2;dez/22;Miscelânia;0.46;
MPI;fap90;2;dez/22;"""Ovada oposta""";2.28;
MPI;fap90;2;dez/22;Ormosia arborea;12.07;
MPI;fap90;3;dez/22;Galhos;2.89;
MPI;fap90;3;dez/22;Miscelânia;0.22;
MPI;fap90;3;dez/22;Ocotea notata;0.23;
MPI;fap90;3;dez/22;Coccoloba arborescens;0.35;
MPI;fap90;3;dez/22;Calyptranthes brasiliensis;0.43;
MPI;fap91;1;dez/22;Tocoyena bullata;0.03;x
MPI;fap91;1;dez/22;"""Quase Clusia""";0.42;
MPI;fap91;1;dez/22;Neomitrantes obscura;0.04;
MPI;fap91;1;dez/22;Ocotea notata;0.54;
MPI;fap91;1;dez/22;Galhos;0.64;
MPI;fap91;1;dez/22;Miscelanea;0.54;
MPI;fap91;2;dez/22;Ocotea notata;0.13;
MPI;fap91;2;dez/22;"""Eugenia rigida""";0.26;
MPI;fap91;2;dez/22;Coccoloba arborescens;0.3;
MPI;fap91;2;dez/22;Galhos;1.88;
MPI;fap91;3;dez/22;"""Quase Clusia""";0.25;
MPI;fap91;3;dez/22;Clusia hilariana;1.05;
MPI;fap91;3;dez/22;Miscelanea;0.54;
MPI;fap91;3;dez/22;Ocotea notata;0.11;
MPI;fap91;3;dez/22;Estrutura reprodutiva;0.68;
MPI;fap91;3;dez/22;Galhos;0.82;
FAAC;fap92;1;dez/22;Chiococca alba;0.25;x
FAAC;fap92;1;dez/22;Ternstroemia brasiliensis;0.62;
FAAC;fap92;1;dez/22;Estrutura reprodutiva;0.9;
FAAC;fap92;1;dez/22;Miscelânia;0.57;
FAAC;fap92;1;dez/22;Clusia Hilariana;2.43;
FAAC;fap92;1;dez/22;Calyptranthes brasiliensis;0.13;
FAAC;fap92;2;dez/22;Miscelânia;0.64;
FAAC;fap92;2;dez/22;Calyptranthes brasiliensis;0.56;
FAAC;fap92;2;dez/22;ternstroemia brasiliensis;7.86;
FAAC;fap92;2;dez/22;Estrutura reprodutiva;0.16;
FAAC;fap92;2;dez/22;Eugenia rígida;0.32;
FAAC;fap92;3;dez/22;Chiococca alba;0.47;
FAAC;fap92;3;dez/22;Clusia Hilariana;3.04;
FAAC;fap92;3;dez/22;Ternstroemia brasiliensis;0.23;
FAAC;fap92;3;dez/22;Calyptranthes brasiliensis;0.35;
FAAC;fap92;3;dez/22;Capparis Flexuosa;0.23;
FAAC;fap92;3;dez/22;Estrutura reprodutiva;0.09;
FAAE;faperj101;1;dez/22;Ocotea notata;0.26;x
FAAE;faperj101;1;dez/22;Humiria balsamifera;1.31;
FAAE;faperj101;1;dez/22;Ternostroemia brasiliensis;0.32;
FAAE;faperj101;1;dez/22;Coccoloba arborescens;0.13;
FAAE;faperj101;1;dez/22;Galhos;2.26;
FAAE;faperj101;2;dez/22;Protium icicariba;0.77;
FAAE;faperj101;2;dez/22;Galhos;0.25;
FAAE;faperj101;2;dez/22;Smilax rufescens;0.12;
FAAE;faperj101;2;dez/22;Paulinea weinmanifolia;0.05;
FAAE;faperj101;2;dez/22;Humiria balsamifera;0.35;
FAAE;faperj101;2;dez/22;Miscelanea;0.36;
FAAE;faperj101;2;dez/22;Ocotea notata;0.27;
FAAE;faperj101;3;dez/22;Smilax rufescens;0.05;
FAAE;faperj101;3;dez/22;Miscelanea ;0.18;
FAAE;faperj101;3;dez/22;Galhos;0.24;
FAAE;faperj101;3;dez/22;Ocotea notata;0.09;
FAAE;faperj101;3;dez/22;Coccoloba arborescens;0.13;
FAAE;faperj101;3;dez/22;Ternostroemia brasiliensis;0.12;
FAAE;faperj101;3;dez/22;Humiria balsamifera;1.05;
FAAC;faperj102;1;dez/22;Miscelanea ;0.17;x
FAAC;faperj102;1;dez/22;Galhos;0.15;
FAAC;faperj102;1;dez/22;Ocotea notata;0.64;
FAAC;faperj102;1;dez/22;"""Erythroxylum grande""";0.19;
FAAC;faperj102;1;dez/22;Clusia hilariana;1.78;
FAAC;faperj102;1;dez/22;Ternostroemia brasiliensis;0.79;
FAAC;faperj102;2;dez/22;Miscelanea ;0.61;
FAAC;faperj102;2;dez/22;Clusia hilariana;0.17;
FAAC;faperj102;2;dez/22;Ternostroemia brasiliensis;1.02;
FAAC;faperj102;2;dez/22;Ocotea notata;0.23;
FAAC;faperj102;2;dez/22;Maytenus obtusifolia;0.35;
FAAC;faperj102;2;dez/22;Galhos;0.6;
FAAC;faperj102;3;dez/22;Galhos;0.37;
FAAC;faperj102;3;dez/22;Anthurium maricense;2.12;
FAAC;faperj102;3;dez/22;Miscelanea ;0.37;
FAAC;faperj102;3;dez/22;Ocotea notata;0.01;
FAAC;faperj102;3;dez/22;Estrutura reprodutiva;0.01;
FAAC;faperj102;3;dez/22;Ternostroemia brasiliensis;2.03;
FAAC;faperj103;1;dez/22;Galhos;0.91;x
FAAC;faperj103;1;dez/22;"""Eugênia rígida""";0.53;
FAAC;faperj103;1;dez/22;Smilax rufescens;0.25;
FAAC;faperj103;1;dez/22;Calyptranthes brasiliensis;0.72;
FAAC;faperj103;1;dez/22;Clusia hilariana;1.48;
FAAC;faperj103;1;dez/22;Ocotea notata;1.63;
FAAC;faperj103;1;dez/22;Miscelanea ;0.75;
FAAC;faperj103;2;dez/22;Clusia hilariana;2.19;
FAAC;faperj103;2;dez/22;Ocotea notata;1.4;
FAAC;faperj103;2;dez/22;"""Eugênia rígida""";0.87;
FAAC;faperj103;2;dez/22;Estrutura reprodutiva;1.38;
FAAC;faperj103;2;dez/22;Galhos;1.21;
FAAC;faperj103;2;dez/22;Miscelanea ;0.21;
FAAC;faperj103;3;dez/22;Ocotea notata;0.17;
FAAC;faperj103;3;dez/22;"""Eugênia rígida""";0.48;
FAAC;faperj103;3;dez/22;Clusia hilariana;1.6;
FAAC;faperj103;3;dez/22;Calyptranthes brasiliensis;0.23;
FAAC;faperj103;3;dez/22;Miscelanea ;0.29;
;,,,,,60;;;;;
