fitofisionomia;parcela;bandeija;coleta;especie;peso
FAAC;faperj1.2;1;nov22;Protium icicariba;0.71
FAAC;faperj1.2;1;nov22;Galhos;31.12
FAAC;faperj1.2;1;nov22;Eugenia rigida;0.71
FAAC;faperj1.2;1;nov22;Ocotea notata;3.17
FAAC;faperj1.2;1;nov22;Miscelanea;3.38
FAAC;faperj1.2;2;nov22;Miscelanea;0.60
FAAC;faperj1.2;2;nov22;Byrsonima sericea;0.40
FAAC;faperj1.2;2;nov22;Galhos;3.49
FAAC;faperj1.2;2;nov22;Protium icicariba;3.81
FAAC;faperj1.2;3;nov22;Miscelanea;0.55
FAAC;faperj1.2;3;nov22;Clusia hilariana;4.05
FAAC;faperj1.2;3;nov22;Galhos;1.83
FAAC;faperj1.2;3;nov22;Smilax rufescens;0.78
FAAC;faperj1.2;3;nov22;Neomitrantes obscura;2.88
FAAC;faperj4.2;1;nov22;Ternstroemia brasiliensis;5.02
FAAC;faperj4.2;1;nov22;Estrutura reprodutiva;0.11
FAAC;faperj4.2;1;nov22;Galhos;0.95
FAAC;faperj4.2;1;nov22;Tocoyena bullata;0.25
FAAC;faperj4.2;1;nov22;Miscelanea;0.57
FAAC;faperj4.2;1;nov22;Clusia hilariana;2.16
FAAC;faperj4.2;1;nov22;Coccoloba arborescens;0.34
FAAC;faperj4.2;1;nov22;Peixaota hispidula;0.09
FAAC;faperj4.2;2;nov22;Miscelanea;0.51
FAAC;faperj4.2;2;nov22;Galhos;0.90
FAAC;faperj4.2;2;nov22;Ocotea notata;0.01
FAAC;faperj4.2;2;nov22;Protium icicariba;0.39
FAAC;faperj4.2;2;nov22;Manilkara subsericea;1.40
FAAC;faperj4.2;2;nov22;Ternstroemia brasiliensis;0.89
FAAC;faperj4.2;3;nov22;Smilax rufescens;0.10
FAAC;faperj4.2;3;nov22;Capparis flexuosa;0.36
FAAC;faperj4.2;3;nov22;Galhos;0.86
FAAC;faperj4.2;3;nov22;Miscelanea;0.36
FAAC;faperj4.2;3;nov22;Ternstroemia brasiliensis;2.81
FAAC;faperj4.2;3;nov22;Protium icicariba;0.28
MPI;faperj6;1;nov22;Agarista revoluta;0.06
MPI;faperj6;1;nov22;Ocotea notata;1.3
MPI;faperj6;1;nov22;Clusia hilariana;3.25
MPI;faperj6;1;nov22;Aspidosperma parvifolium;0.06
MPI;faperj6;1;nov22;Miscelanea;0.07
MPI;faperj6;1;nov22;Galhos;0.44
MPI;faperj6;1;nov22;Estrutura reprodutiva;0.21
MPI;faperj6;2;nov22;Agarista revoluta;0.07
MPI;faperj6;2;nov22;Clusia hilariana;6.46
MPI;faperj6;2;nov22;Galhos;11.75
MPI;faperj6;2;nov22;Miscelanea;0.11
MPI;faperj6;2;nov22;Estrutura reprodutiva;0.78
MPI;faperj6;3;nov22;Clusia hilariana;7.29
MPI;faperj6;3;nov22;Smilax rufescens;0.27
MPI;faperj6;3;nov22;Ternstroemia brasiliensis;0.24
MPI;faperj6;3;nov22;Estrutura reprodutiva;1.15
MPI;faperj6;3;nov22;Galhos;0.14
MPI;faperj6;3;nov22;Miscelanea;0.04
FAAC;faperj8.2;1;nov22;Agarista revoluta;0.08
FAAC;faperj8.2;1;nov22;Ocotea notata;0.17
FAAC;faperj8.2;1;nov22;Protium icicariba;0.84
FAAC;faperj8.2;1;nov22;Galhos;0.68
FAAC;faperj8.2;1;nov22;Miscelanea;0.06
FAAC;faperj8.2;1;nov22;Estrutura reprodutiva;0.75
FAAC;faperj8.2;1;nov22;Clusia hilariana;4.98
FAAC;faperj8.2;2;nov22;Clusia hilariana;1.99
FAAC;faperj8.2;2;nov22;Solanum insidiosum;0.04
FAAC;faperj8.2;2;nov22;Agarista revoluta;0.03
FAAC;faperj8.2;2;nov22;Calyptranthes brasiliensis;0.05
FAAC;faperj8.2;2;nov22;Miscelanea;0.11
FAAC;faperj8.2;2;nov22;Estrutura Reprodutiva;0.64
FAAC;faperj8.2;2;nov22;Galhos;0.08
FAAC;faperj8.2;2;nov22;Agarista revoluta;1.10
FAAC;faperj8.2;3;nov22;Ocotea notata;0.54
FAAC;faperj8.2;3;nov22;Agarista revoluta;0.25
FAAC;faperj8.2;3;nov22;Estrutura Reprodutiva;0.63
FAAC;faperj8.2;3;nov22;Galhos;2.03
FAAC;faperj8.2;3;nov22;Miscelanea;0.04
FAAC;faperj9;1;nov22;Clusia hilariana;2.68
FAAC;faperj9;1;nov22;Agarista revoluta;0.61
FAAC;faperj9;1;nov22;Humiria balsamifera;0.22
FAAC;faperj9;1;nov22;Protium icicariba;0.26
FAAC;faperj9;1;nov22;Eugenia rigida;0.29
FAAC;faperj9;1;nov22;Estrutura reprodutiva;0.01
FAAC;faperj9;1;nov22;Maytenus obtusifolia;0.36
FAAC;faperj9;1;nov22;Galhos;0.05
FAAC;faperj9;1;nov22;Miscelanea;0.23
FAAC;faperj9;2;nov22;Coccoloba arborescens;0.14
FAAC;faperj9;2;nov22;Estrutura reprodutiva;0.25
FAAC;faperj9;2;nov22;Clusia hilariana;3.29
FAAC;faperj9;2;nov22;Agarista revoluta;0.60
FAAC;faperj9;2;nov22;Humiria balsamifera;0.14
FAAC;faperj9;2;nov22;Galhos;3.63
FAAC;faperj9;2;nov22;Protium icicariba;0.58
FAAC;faperj9;2;nov22;Miscelanea;0.41
FAAC;faperj9;2;nov22;Clusia hilariana;0.78
FAAC;faperj9;3;nov22;Coccoloba arborescens;0.58
FAAC;faperj9;3;nov22;Protium icicariba;0.37
FAAC;faperj9;3;nov22;Agarista revoluta;0.21
FAAC;faperj9;3;nov22;Ocotea notata;0.02
FAAC;faperj9;3;nov22;Humiria balsamifera;0.08
FAAC;faperj9;3;nov22;Estrutura reprodutiva;0.02
FAAC;faperj9;3;nov22;Miscelanea;0.58
FAAC;faperj9;3;nov22;Galhos;7.37
MPI;faperj10;1;nov22;Protium icicariba;0.75
MPI;faperj10;1;nov22;Ternstroemia brasiliensis;1.26
MPI;faperj10;1;nov22;Galhos;2.54
MPI;faperj10;1;nov22;Humiria balsamifera;1.09
MPI;faperj10;1;nov22;Calophyllum;0.25
MPI;faperj10;1;nov22;Estrutura reprodutiva;0.05
MPI;faperj10;1;nov22;Miscelanea;0.41
MPI;faperj10;2;nov22;Miscelanea;0.74
MPI;faperj10;2;nov22;Galhos;0.31
MPI;faperj10;2;nov22;Tapirira guianensis;0.75
MPI;faperj10;2;nov22;Protium icicariba;0.53
MPI;faperj10;2;nov22;Paullinia weinmannifolia;0.15
MPI;faperj10;2;nov22;Calophyllum;0.10
MPI;faperj10;2;nov22;Ocotea notata;0.47
MPI;faperj10;2;nov22;Miscelanea;0.25
MPI;faperj10;2;nov22;Ovada oposta;0.25
MPI;faperj10;2;nov22;Galhos;0.15
MPI;faperj10;2;nov22;Tapirira guianensis;0.17
MPI;faperj10;2;nov22;Ternstroemia brasiliensis;1.15
MPI;faperj10;2;nov22;Clusia hilariana;1.46
MPI;faperj10;2;nov22;Ocotea notata;1.02
MPI;faperj10;2;nov22;Protium icicariba;0.56
FAAE;faperj11;1;nov22;Estrutura reprodutiva;0.91
FAAE;faperj11;1;nov22;Ternstroemia brasiliensis;1.68
FAAE;faperj11;1;nov22;Agarista revoluta;0.08
FAAE;faperj11;1;nov22;Clusia hilariana;0.96
FAAE;faperj11;1;nov22;Coccoloba arborescens;0.35
FAAE;faperj11;1;nov22;Ocotea notata;0.30
FAAE;faperj11;1;nov22;Galhos;0.38
FAAE;faperj11;1;nov22;Miscelanea;0.28
FAAE;faperj11;1;nov22;Humiria balsamifera;0.69
FAAE;faperj11;2;nov22;Galhos;0.62
FAAE;faperj11;2;nov22;Humiria balsamifera;1.31
FAAE;faperj11;2;nov22;Smilax rufescens;0.06
FAAE;faperj11;2;nov22;Coccoloba arborescens;0.13
FAAE;faperj11;2;nov22;Agarista revoluta;0.05
FAAE;faperj11;2;nov22;Miscelanea;0.18
FAAE;faperj11;2;nov22;Protium icicariba;1.21
FAAE;faperj11;3;nov22;Clusia hilariana;1.25
FAAE;faperj11;3;nov22;Miscelanea;0.45
FAAE;faperj11;3;nov22;Agarista revoluta;0.10
FAAE;faperj11;3;nov22;Estrutura reprodutiva;0.02
FAAE;faperj11;3;nov22;Galhos;0.21
FAAE;faperj11;3;nov22;Humiria balsamifera;0.64
FAAE;faperj11;3;nov22;Ternstroemia brasiliensis;0.17
FAAC;faperj13;1;nov22;Clusia hilariana;2.58
FAAC;faperj13;1;nov22;Agarista revoluta;0.36
FAAC;faperj13;1;nov22;Estrutura reprodutiva;0.02
FAAC;faperj13;1;nov22;Miscelanea;0.04
FAAC;faperj13;1;nov22;Coccoloba arborescens;0.26
FAAC;faperj13;1;nov22;Smilax rufescens;0.59
FAAC;faperj13;1;nov22;Ocotea notata;6.57
FAAC;faperj13;1;nov22;Galhos;0.40
FAAC;faperj13;2;nov22;Clusia hilariana;0.48
FAAC;faperj13;2;nov22;Ocotea notata;0.98
FAAC;faperj13;2;nov22;Agarista revoluta;0.43
FAAC;faperj13;2;nov22;Estrutura reprodutiva;0.02
FAAC;faperj13;2;nov22;Galhos;0.03
FAAC;faperj13;2;nov22;Miscelanea;0.02
FAAC;faperj13;3;nov22;Clusia hilariana;3.11
FAAC;faperj13;3;nov22;Estrutura reprodutiva;2.42
FAAC;faperj13;3;nov22;Protium icicariba;1.04
FAAC;faperj13;3;nov22;Smilax rufescens;0.76
FAAC;faperj13;3;nov22;Ocotea notata;1.48
FAAC;faperj13;3;nov22;Galhos;0.27
FAAC;faperj13;3;nov22;Byrsonima sericea;0.42
FAAC;faperj13;3;nov22;Miscelanea;0.14
FPP;faperj15;1;nov22;Clusia hilariana;1.09
FPP;faperj15;1;nov22;Galhos;2.90
FPP;faperj15;1;nov22;Miscelanea;0.41
FPP;faperj15;1;nov22;Protium icicariba;0.31
FPP;faperj15;1;nov22;Estrutura reprodutiva;1.56
FPP;faperj15;1;nov22;Lanceolada serrilhada;0.71
FPP;faperj15;2;nov22;Eugenia rigida;0.23
FPP;faperj15;2;nov22;Lanceolada serrilhada;0.49
FPP;faperj15;2;nov22;Miscelanea;0.06
FPP;faperj15;2;nov22;Galhos;0.25
FPP;faperj15;2;nov22;Aechmea brasiliensis;0.47
FPP;faperj15;2;nov22;Capparis flexuosa;0.14
FPP;faperj15;2;nov22;Clusia hilariana;3.57
FPP;faperj15;2;nov22;Protium icicariba;0.39
FPP;faperj15;3;nov22;Miscelanea;0.37
FPP;faperj15;3;nov22;Lanceolada serrilhada;0.17
FPP;faperj15;3;nov22;Maytenus obtusifolia;0.57
FPP;faperj15;3;nov22;Galhos;1.27
FPP;faperj15;3;nov22;Capparis flexuosa;0.13
FPP;faperj15;3;nov22;Ternstroemia brasiliensis;1.35
FAAE;faperj16;1;nov22;Ternstroemia brasiliensis;1.37
FAAE;faperj16;1;nov22;Miscelanea;0.26
FAAE;faperj16;1;nov22;Manilkara subsericea;1.48
FAAE;faperj16;1;nov22;Galhos;1.20
FAAE;faperj16;1;nov22;Protium icicariba;0.26
FAAE;faperj16;1;nov22;Smilax rufescens;0.17
FAAE;faperj16;2;nov22;Protium icicariba;3.15
FAAE;faperj16;2;nov22;Ternstroemia brasiliensis;2.42
FAAE;faperj16;2;nov22;Miscelanea;0.38
FAAE;faperj16;2;nov22;Coccoloba arborescens;1.55
FAAE;faperj16;2;nov22;Galhos;3.50
FAAE;faperj16;2;nov22;Smilax rufescens;0.05
FAAE;faperj16;2;nov22;Humiria balsamifera;0.06
FAAE;faperj16;2;nov22;Galhos;0.08
FAAE;faperj18;1;nov22;Smilax rufescens;1.14
FAAE;faperj18;1;nov22;Miscelanea;0.79
FAAE;faperj18;1;nov22;Tocoyena bullata;2.21
FAAE;faperj18;1;nov22;Galhos;3.83
FAAE;faperj18;1;nov22;Humiria balsamifera;0.44
FAAE;faperj18;1;nov22;Estrutura reprodutiva;0.76
FAAE;faperj18;2;nov22;Miscelanea;0.95
FAAE;faperj18;2;nov22;Galhos;1.46
FAAE;faperj18;2;nov22;Humiria balsamifera;2.29
FAAE;faperj18;2;nov22;Smilax rufescens;0.18
FAAE;faperj18;2;nov22;Protium icicariba;0.32
FAAE;faperj18;3;nov22;Miscelanea;0.26
FAAE;faperj18;3;nov22;Galhos;0.28
FAAE;faperj18;3;nov22;Maytenus obtusifolia;0.20
FAAE;faperj18;3;nov22;Clusia hilariana;0.60
FAAE;faperj18;3;nov22;Estrutura reprodutiva;0.84
FAAE;faperj18;3;nov22;Humiria balsamifera;1.08
FAAE;faperj19;1;nov22;Protium icicariba;0.75
FAAE;faperj19;1;nov22;Estrutura reprodutiva;0.48
FAAE;faperj19;1;nov22;Clusia hilariana;1.42
FAAE;faperj19;1;nov22;Humiria balsamifera;0.55
FAAE;faperj19;1;nov22;Ocotea notata;0.17
FAAE;faperj19;1;nov22;Agarista revoluta;0.13
FAAE;faperj19;1;nov22;Galhos;1.07
FAAE;faperj19;1;nov22;Miscelanea;0.14
FAAE;faperj19;1;nov22;Manilkara subsericea;0.10
FAAE;faperj19;1;nov22;Myrtaceae1;0.09
FAAE;faperj19;2;nov22;Protium icicariba;1.63
FAAE;faperj19;2;nov22;Byrsonima sericea;0.94
FAAE;faperj19;2;nov22;Galhos;0.14
FAAE;faperj19;2;nov22;Humiria balsamifera;0.07
FAAE;faperj19;2;nov22;Miscelanea;0.15
FAAE;faperj19;3;nov22;Estrutura reprodutiva;1.20
FAAE;faperj19;3;nov22;Ternstroemia brasiliensis;0.11
FAAE;faperj19;3;nov22;Humiria balsamifera;0.14
FAAE;faperj19;3;nov22;Clusia hilariana;0.09
FAAE;faperj19;3;nov22;Miscelanea;0.08
FAAE;faperj20;1;nov22;Agarista revoluta;0.18
FAAE;faperj20;1;nov22;Estrutura reprodutiva;0.19
FAAE;faperj20;1;nov22;Clusia hilariana;1.64
FAAE;faperj20;1;nov22;Galhos;0.35
FAAE;faperj20;1;nov22;Protium icicariba;1.99
FAAE;faperj20;1;nov22;Humiria balsamifera;0.30
FAAE;faperj20;2;nov22;Protium icicariba;0.95
FAAE;faperj20;2;nov22;Erythroxylum ovalifolium;0.27
FAAE;faperj20;2;nov22;Estrutura reprodutiva;0.12
FAAE;faperj20;2;nov22;Agarista revoluta;0.10
FAAE;faperj20;2;nov22;Clusia hilariana;3.93
FAAE;faperj20;2;nov22;Galhos;3.38
FAAE;faperj20;2;nov22;Miscelanea;0.11
FAAE;faperj20;3;nov22;Miscelanea;0.6
FAAE;faperj20;3;nov22;Galhos;0.03
FAAE;faperj20;3;nov22;Humiria balsamifera;0.08
FAAE;faperj20;3;nov22;Estrutura reprodutiva;0.11
FAAC;fap23;1;nov22;Ternstroemia brasiliensis;3.94
FAAC;fap23;1;nov22;Eugenia rigida;0.29
FAAC;fap23;1;nov22;Paullinia weinmannifolia;0.07
FAAC;fap23;1;nov22;Ocotea notata;0.33
FAAC;fap23;1;nov22;Estrutura reprodutiva;0.23
FAAC;fap23;1;nov22;Miscelanea;0.12
FAAC;fap23;1;nov22;Clusia hilariana;1.37
FAAC;fap23;2;nov22;Miscelanea;0.13
FAAC;fap23;2;nov22;Estrutura reprodutiva;0.31
FAAC;fap23;2;nov22;Eugenia rigida;0.51
FAAC;fap23;2;nov22;Smilax rufescens;0.05
FAAC;fap23;2;nov22;Ternstroemia brasiliensis;0.54
FAAC;fap23;2;nov22;Galhos;0.64
FAAC;fap23;2;nov22;Neomitrantes obscura;0.09
FAAC;fap23;2;nov22;Aspidosperma parvifolium;0.46
FAAC;fap23;2;nov22;Protium heptaphyllum;0.28
FAAC;fap23;2;nov22;Protium icicariba;0.30
FAAC;fap23;2;nov22;Ocotea notata;0.65
FAAC;fap23;3;nov22;Protium icicariba;0.19
FAAC;fap23;3;nov22;Clusia hilariana;8.27
FAAC;fap23;3;nov22;Paullinia weinmannifolia;0.16
FAAC;fap23;3;nov22;Erythroxylum ovalifolium;0.33
FAAC;fap23;3;nov22;Eugenia rigida;1.08
FAAC;fap23;3;nov22;Bonnetia anceps;0.08
FAAC;fap23;3;nov22;Smilax rufescens;0.05
FAAC;fap23;3;nov22;Galhos;4.72
FAAC;fap23;3;nov22;Miscelanea;0.48
FAAE;fap24;1;nov22;Humiria balsamifera;0.62
FAAE;fap24;1;nov22;Bonnetia anceps;0.14
FAAE;fap24;1;nov22;Miscelanea;0.15
FAAE;fap24;1;nov22;Galhos;1.73
FAAE;fap24;1;nov22;Protium icicariba;0.36
FAAE;fap24;1;nov22;Ocotea notata;0.64
FAAE;fap24;1;nov22;Amaioua pilosa;0.18
FAAE;fap24;2;nov22;Miscelanea;0.74
FAAE;fap24;2;nov22;Galhos;0.34
FAAE;fap24;2;nov22;Humiria balsamifera;4.55
FAAE;fap24;2;nov22;Ocotea notata;0.60
FAAE;fap24;2;nov22;Protium icicariba;1.59
FAAE;fap24;3;nov22;Galhos;1.71
FAAE;fap24;3;nov22;Miscelanea;0.24
FAAE;fap24;3;nov22;Ocotea notata;0.21
FAAE;fap24;3;nov22;Humiria balsamifera;4.22
FAAE;fap24;3;nov22;Byrsonima sericea;0.28
FAAE;fap25;1;nov22;Ocotea notata;0.01
FAAE;fap25;1;nov22;Galhos;0.42
FAAE;fap25;1;nov22;Aechmea brasiliensis;2.62
FAAE;fap25;1;nov22;Clusia hilariana;0.69
FAAE;fap25;1;nov22;Protium icicariba;1.01
FAAE;fap25;1;nov22;Humiria balsamifera;2.05
FAAE;fap25;2;nov22;Miscelanea;0.10
FAAE;fap25;2;nov22;Galhos;0.19
FAAE;fap25;2;nov22;Byrsonima sericea;0.12
FAAE;fap25;2;nov22;Agarista revoluta;0.15
FAAE;fap25;2;nov22;Protium icicariba;0.08
FAAE;fap25;2;nov22;Smilax rufescens;0.15
FAAE;fap25;2;nov22;Humiria balsamifera;2.09
FAAE;fap25;3;nov22;Miscelanea;0.27
FAAE;fap25;3;nov22;Galhos;0.34
FAAE;fap25;3;nov22;Byrsonima sericea;0.09
FAAE;fap25;3;nov22;Amaioua pilosa;1.20
FAAE;fap25;3;nov22;Humiria balsamifera;0.79
FAAE;fap25;3;nov22;Protium icicariba;1.06
FAAE;fap25;3;nov22;Smilax rufescens;0.11
FAAE;fap25;3;nov22;Clusia hilariana;3.45
FAAC;fap26;1;nov22;Protium icicariba;1.11
FAAC;fap26;1;nov22;Miscelanea;0.36
FAAC;fap26;1;nov22;Galhos;0.81
FAAC;fap26;1;nov22;Ocotea notata;1.55
FAAC;fap26;2;nov22;Galhos;0.23
FAAC;fap26;2;nov22;Ocotea notata;0.53
FAAC;fap26;2;nov22;Smilax rufescens;0.13
FAAC;fap26;2;nov22;Miscelanea;0.50
FAAC;fap26;2;nov22;Ormosia arborea;0.30
FAAC;fap26;2;nov22;Coccoloba arborescens;0.55
FAAC;fap26;3;nov22;Chiococca alba;0.54
FAAC;fap26;3;nov22;Ormosia arborea;2.46
FAAC;fap26;3;nov22;Ocotea notata;0.30
FAAC;fap26;3;nov22;Protium icicariba;0.45
FAAC;fap26;3;nov22;Estrutura reprodutiva;0.14
FAAC;fap26;3;nov22;Galhos;0.28
FAAC;fap26;3;nov22;Miscelanea;0.39
FAAE;fap27.2;1;nov22;Clusia hilariana;0.17
FAAE;fap27.2;1;nov22;Ocotea notata;0.18
FAAE;fap27.2;1;nov22;Tapirira guianensis;0.32
FAAE;fap27.2;1;nov22;Protium icicariba;0.50
FAAE;fap27.2;1;nov22;Byrsonima sericea;1.72
FAAE;fap27.2;1;nov22;Humiria balsamifera;2.94
FAAE;fap27.2;1;nov22;Bonnetia anceps;0.24
FAAE;fap27.2;1;nov22;Miscelanea;0.17
FAAE;fap27.2;1;nov22;Estrutura reprodutiva;0.04
FAAE;fap27.2;1;nov22;Galhos;1.29
FAAE;fap27.2;2;nov22;Erythroxylum ovalifolium;0.08
FAAE;fap27.2;2;nov22;Miscelanea;0.68
FAAE;fap27.2;2;nov22;Galhos;0.79
FAAE;fap27.2;2;nov22;Estrutura reprodutiva;0.24
FAAE;fap27.2;2;nov22;Aechmea brasiliensis;0.20
FAAE;fap27.2;2;nov22;Bonnetia anceps;0.30
FAAE;fap27.2;2;nov22;Byrsonima sericea;0.13
FAAE;fap27.2;2;nov22;Protium icicariba;0.09
FAAE;fap27.2;2;nov22;Humiria balsamifera;4.04
FAAE;fap27.2;3;nov22;Humiria balsamifera;3.00
FAAE;fap27.2;3;nov22;Tapirira guianensis;3.01
FAAE;fap27.2;3;nov22;Galhos;6.29
FAAE;fap27.2;3;nov22;Protium icicariba;1.71
FAAC;fap28;1;nov22;Ocotea notata;0.15
FAAC;fap28;1;nov22;Humiria balsamifera;2.68
FAAC;fap28;1;nov22;Protium icicariba;2.89
FAAC;fap28;1;nov22;Bonnetia anceps;0.20
FAAC;fap28;1;nov22;Coccoloba arborescens;0.32
FAAC;fap28;1;nov22;Galhos;0.94
FAAC;fap28;1;nov22;Estrutura reprodutiva;0.22
FAAC;fap28;1;nov22;Miscelanea;1.14
FAAC;fap28;2;nov22;Neomitrantes obscura;0.21
FAAC;fap28;2;nov22;Chiococca alba;0.20
FAAC;fap28;2;nov22;Clusia hilariana;4.25
FAAC;fap28;2;nov22;Galhos;1.58
FAAC;fap28;2;nov22;Miscelanea;0.76
FAAC;fap28;2;nov22;Coccoloba arborescens;3.27
FAAC;fap28;2;nov22;Ocotea notata;1.83
FAAC;fap28;2;nov22;Protium icicariba;1.26
FAAC;fap28;2;nov22;Smilax rufescens;0.13
FAAC;fap28;2;nov22;Humiria balsamifera;0.38
FAAC;fap28;3;nov22;Estrutura reprodutiva;0.05
FAAC;fap28;3;nov22;Coccoloba arborescens;2.03
FAAC;fap28;3;nov22;Neomitrantes obscura;0.20
FAAC;fap28;3;nov22;Estrutura reprodutiva;0.16
FAAC;fap28;3;nov22;Miscelanea;0.42
FAAC;fap28;3;nov22;Galhos;0.44
FAAC;fap28;3;nov22;Protium icicariba;0.26
FAAC;fap28;3;nov22;Bonnetia anceps;0.36
FAAC;fap28;3;nov22;Clusia hilariana;9.23
FAAE;fap29;1;nov22;Clusia hilariana;3.51
FAAE;fap29;1;nov22;Galhos;0.48
FAAE;fap29;1;nov22;Humiria balsamifera;1.63
FAAE;fap29;1;nov22;Miscelanea;0.66
FAAE;fap29;1;nov22;Tapirira guianensis;0.20
FAAE;fap29;2;nov22;Galhos;0.14
FAAE;fap29;2;nov22;Humiria balsamifera;1.36
FAAE;fap29;2;nov22;Protium icicariba;1.71
FAAE;fap29;2;nov22;Miscelanea;0.15
FAAE;fap29;3;nov22;Galhos;0.34
FAAE;fap29;3;nov22;Miscelanea;0.42
FAAE;fap29;3;nov22;Protium icicariba;1.34
FAAE;fap29;3;nov22;Humiria balsamifera;1.87
FAAE;fap29;3;nov22;Coccoloba arborescens;0.08
FAAE;fap29;3;nov22;Capparis flexuosa;0.09
MPI;faperj31.2;1;nov22;Ocotea notata;0.42
MPI;faperj31.2;1;nov22;Paullinia weinmannifolia;0.12
MPI;faperj31.2;1;nov22;Galhos;0.92
MPI;faperj31.2;1;nov22;Protium icicariba;1.32
MPI;faperj31.2;2;nov22;Miscelanea;0.36
MPI;faperj31.2;2;nov22;Galhos;0.28
MPI;faperj31.2;2;nov22;Estrutura reprodutiva;0.91
MPI;faperj31.2;2;nov22;Coccoloba arborescens;1.02
MPI;faperj31.2;2;nov22;Clusia hilariana;4.35
MPI;faperj31.2;2;nov22;Agarista revoluta;0.10
MPI;faperj31.2;3;nov22;Ocotea notata;3.19
MPI;faperj31.2;3;nov22;Coccoloba arborescens;2.11
FAAC;fap32;1;nov22;Protium icicariba;0.80
FAAC;fap32;1;nov22;Miscelanea;0.38
FAAC;fap32;1;nov22;Ternstroemia brasiliensis;1.55
FAAC;fap32;1;nov22;Tapirira guianensis;0.49
FAAC;fap32;1;nov22;Ormosia arborea;2.82
FAAC;fap32;1;nov22;Galhos;0.58
FAAC;fap32;1;nov22;Ocotea notata;1.83
FAAC;fap32;1;nov22;Tapirira guianensis;0.06
FAAC;fap32;2;nov22;Neomitrantes obscura;0.23
FAAC;fap32;2;nov22;Galhos;23.78
FAAC;fap32;2;nov22;Ocotea notata;0.69
FAAC;fap32;2;nov22;Ternstroemia brasiliensis;1.17
FAAC;fap32;2;nov22;Protium icicariba;1.02
FAAC;fap32;2;nov22;Miscelanea;0.76
FAAC;fap32;3;nov22;Miscelanea;0.14
FAAC;fap32;3;nov22;Galhos;0.27
FAAC;fap32;3;nov22;Protium icicariba;0.10
FAAC;fap32;3;nov22;Clusia hilariana;1.17
FAAC;fap32;3;nov22;Estrutura reprodutiva;0.55
FAAC;fap32;3;nov22;Ocotea notata;0.29
FAAC;fap32;3;nov22;Ternstroemia brasiliensis;0.45
MPI;fap33;1;nov22;Clusia hilariana;2.60
MPI;fap33;1;nov22;Estrutura reprodutiva;0.68
MPI;fap33;1;nov22;Miscelanea;0.11
MPI;fap33;1;nov22;Tapirira guianensis;0.01
MPI;fap33;1;nov22;Ocotea notata;0.94
MPI;fap33;1;nov22;Galhos;0.28
MPI;fap33;1;nov22;Protium icicariba;0.51
MPI;fap33;2;nov22;Protium icicariba;0.87
MPI;fap33;2;nov22;Clusia hilariana;4.32
MPI;fap33;2;nov22;Estrutura reprodutiva;0.63
MPI;fap33;2;nov22;Protium icicariba;0.20
MPI;fap33;2;nov22;Miscelanea;0.38
MPI;fap33;2;nov22;Galhos;0.60
MPI;fap33;2;nov22;Tapirira guianensis;0.53
MPI;fap33;2;nov22;Humiria balsamifera;0.07
MPI;fap33;2;nov22;Ocotea notata;0.62
MPI;fap33;2;nov22;Coccoloba arborescens;0.51
MPI;fap33;3;nov22;Estrutura reprodutiva;0.55
MPI;fap33;3;nov22;Ocotea notata;1.69
MPI;fap33;3;nov22;Protium icicariba;0.67
MPI;fap33;3;nov22;Coccoloba arborescens;0.26
MPI;fap33;3;nov22;Chiococca alba;0.24
MPI;fap33;3;nov22;Humiria balsamifera;0.19
MPI;fap33;3;nov22;Clusia hilariana;2.10
MPI;fap33;3;nov22;Galhos;2.94
MPI;fap33;3;nov22;Tapirira guianensis;1.40
MPI;fap33;3;nov22;Miscelanea;0.21
MPI;fap33;;nov22;Ternstroemia brasiliensis;0.68
FAAC;fap34;1;nov22;Humiria balsamifera;1.11
FAAC;fap34;1;nov22;Agarista revoluta;0.01
FAAC;fap34;1;nov22;Clusia hilariana;3.11
FAAC;fap34;1;nov22;Miscelanea;0.32
FAAC;fap34;2;nov22;Galhos;0.07
FAAC;fap34;2;nov22;Clusia hilariana;2.21
FAAC;fap34;2;nov22;Miscelanea;0.01
FAAC;fap34;3;nov22;Clusia hilariana;1.71
FAAC;fap34;3;nov22;Protium icicariba;0.94
FAAC;fap34;3;nov22;Maytenus obtusifolia;0.56
FAAC;fap34;3;nov22;Miscelanea;0.01
FAAC;fap34;3;nov22;Galhos;0.21
FAAC;fap34;3;nov22;Estrutura Reprodutiva;0.64
FAAC;fap35;1;nov22;Ocotea notata;0.26
FAAC;fap35;1;nov22;Humiria balsamifera;1.97
FAAC;fap35;1;nov22;Protium icicariba;0.46
FAAC;fap35;1;nov22;Galhos;0.35
FAAC;fap35;1;nov22;Miscelanea;1.34
FAAC;fap35;1;nov22;Eugenia umbelifolia;0.24
FAAC;fap35;1;nov22;Byrsonima sericea;0.38
FAAC;fap35;1;nov22;Estrutura reprodutiva;0.34
FAAC;fap35;2;nov22;Miscelanea;0.34
FAAC;fap35;2;nov22;Estrutura reprodutiva;0.94
FAAC;fap35;2;nov22;Smilax rufescens;0.09
FAAC;fap35;2;nov22;Humiria balsamifera;0.50
FAAC;fap35;2;nov22;Galhos;0.10
FAAC;fap35;2;nov22;Protium icicariba;0.22
FAAC;fap35;3;nov22;Miscelanea;0.37
FAAC;fap35;3;nov22;Clusia hilariana;0.65
FAAC;fap35;3;nov22;Humiria balsamifera;0.13
FAAC;fap35;3;nov22;Galhos;5.03
FAAC;fap35;3;nov22;Ocotea notata;0.37
FAAC;fap35;3;nov22;Estrutura reprodutiva;0.55
FAAC;fap35;3;nov22;Agarista revoluta;0.01
MPI;faperj38;1;nov22;Tapirira guianensis;3.26
MPI;faperj38;1;nov22;Galhos;1.64
MPI;faperj38;1;nov22;Coccoloba arborescens;1.52
MPI;faperj38;1;nov22;Miscelanea;0.39
MPI;faperj38;1;nov22;Capparis flexuosa;0.35
MPI;faperj38;1;nov22;Chiococca alba;0.18
MPI;faperj38;1;nov22;Eugenia rigida;0.27
MPI;faperj38;2;nov22;Ocotea notata;1.91
MPI;faperj38;2;nov22;Smilax rufescens;0.36
MPI;faperj38;3;nov22;Aechmea brasiliensis;3.03
MPI;faperj38;3;nov22;Tapirira guianensis;2.82
MPI;faperj38;3;nov22;Ocotea notata;0.74
MPI;faperj38;3;nov22;Chiococca alba;0.17
MPI;faperj38;3;nov22;Estrutura reprodutiva;0.31
MPI;faperj38;3;nov22;Neomitrantes obscura;0.88
MPI;faperj38;3;nov22;Miscelanea;0.28
MPI;faperj39;1;nov22;Clusia hilariana;3.31
MPI;faperj39;1;nov22;Galhos;2.87
MPI;faperj39;1;nov22;Estrutura reprodutiva;0.61
MPI;faperj39;1;nov22;Capparis flexuosa;0.04
MPI;faperj39;1;nov22;Miscelanea;0.51
MPI;faperj39;1;nov22;Tapirira guianensis;0.36
MPI;faperj39;1;nov22;Protium icicariba;0.37
MPI;faperj39;1;nov22;Ocotea notata;1.23
MPI;faperj39;2;nov22;Estrutura reprodutiva;2.08
MPI;faperj39;2;nov22;Clusia hilariana;1.59
MPI;faperj39;2;nov22;Miscelanea;0.24
MPI;faperj39;2;nov22;Galhos;0.40
MPI;faperj39;2;nov22;Paullinia weinmannifolia;0.05
MPI;faperj39;2;nov22;Ocotea notata;0.32
MPI;faperj39;3;nov22;Estrutura reprodutiva;0.12
MPI;faperj39;3;nov22;Smilax rufescens;0.21
MPI;faperj39;3;nov22;Galhos;12.09
MPI;faperj39;3;nov22;Miscelanea;0.37
MPI;faperj39;3;nov22;Capparis flexuosa;0.42
MPI;faperj39;3;nov22;Ocotea notata;0.71
FAAC;faperj40;1;nov22;Ocotea notata;0.29
FAAC;faperj40;1;nov22;Galhos;1.91
FAAC;faperj40;1;nov22;Ternstroemia brasiliensis;0.06
FAAC;faperj40;1;nov22;Tapirira guianensis;3.40
FAAC;faperj40;1;nov22;Miscelanea;0.43
FAAC;faperj40;2;nov22;Capparis flexuosa;1.29
FAAC;faperj40;2;nov22;Estrutura reprodutiva;0.23
FAAC;faperj40;2;nov22;Paullinia weinmannifolia;0.18
FAAC;faperj40;2;nov22;Ocotea notata;0.64
FAAC;faperj40;2;nov22;Ternstroemia brasiliensis;1.28
FAAC;faperj40;2;nov22;Miscelanea;1.56
FAAC;faperj40;2;nov22;Smilax rufescens;0.38
FAAC;faperj40;2;nov22;Galhos;2.32
FAAC;faperj40;3;nov22;Smilax rufescens;0.08
FAAC;faperj40;3;nov22;Eugenia rigida;0.41
FAAC;faperj40;3;nov22;Tapirira guianensis;4.91
FAAC;faperj40;3;nov22;Capparis flexuosa;0.59
FAAC;faperj40;3;nov22;Galhos;0.85
FAAC;faperj40;3;nov22;Miscelanea;1.37
FAAC;faperj40;3;nov22;Erythroxylum ovalifolium;0.02
FAAC;faperj40;3;nov22;Ternstroemia brasiliensis;0.17
FAAC;faperj40;3;nov22;Paullinia weinmannifolia;0.17
FPP;fap40.3;1;nov22;Clusia hilariana;7.02
FPP;fap40.3;1;nov22;Galhos;1.54
FPP;fap40.3;1;nov22;Estrutura reprodutiva;0.23
FPP;fap40.3;1;nov22;Neomitrantes obscura;0.08
FPP;fap40.3;1;nov22;Miscelanea;0.10
FPP;fap40.3;1;nov22;Protium icicariba;0.16
FPP;fap40.3;2;nov22;Coccoloba arborescens;1.38
FPP;fap40.3;2;nov22;Eugenia alongada;2.67
FPP;fap40.3;2;nov22;Ternstroemia brasiliensis;0.32
FPP;fap40.3;2;nov22;Miscelanea;0.21
FPP;fap40.3;3;nov22;Maytenus obtusifolia;0.94
FPP;fap40.3;3;nov22;Clusia hilariana;2.26
FPP;fap40.3;3;nov22;Galhos;0.50
FPP;fap40.3;3;nov22;Miscelanea;0.23
FPP;fap40.3;3;nov22;Maytenus obtusifolia;0.03
FPP;fap40.3;3;nov22;Smilax rufescens;0.31
FAAC;fap41;1;nov22;Protium icicariba;2.01
FAAC;fap41;1;nov22;Andira legalis;0.19
FAAC;fap41;1;nov22;Clusia hilariana;4.30
FAAC;fap41;1;nov22;Ternstroemia brasiliensis;1.16
FAAC;fap41;1;nov22;Byrsonima sericea;0.15
FAAC;fap41;1;nov22;Estrutura reprodutiva;0.38
FAAC;fap41;1;nov22;Ocotea notata;0.14
FAAC;fap41;1;nov22;Galhos;0.35
FAAC;fap41;1;nov22;Miscelanea;0.12
FAAC;fap41;2;nov22;Ternstroemia brasiliensis;16.85
FAAC;fap41;2;nov22;Paullinia weinmannifolia;0.07
FAAC;fap41;2;nov22;Miscelanea;0.10
FAAC;fap41;2;nov22;Clusia hilariana;5.05
FAAC;fap41;2;nov22;Protium icicariba;0.46
FAAC;fap41;2;nov22;Clusia hilariana;2.5
FAAC;fap41;3;nov22;Coccoloba arborescens;0.38
FAAC;fap41;3;nov22;Clusia hilariana;0.63
FAAC;fap41;3;nov22;Protium icicariba;0.23
FAAC;fap41;3;nov22;Ocotea notata;0.89
FAAC;fap41;3;nov22;Estrutura reprodutiva;0.80
FAAC;fap41;3;nov22;Galhos;0.75
FAAC;fap41;3;nov22;Miscelanea;0.15
FAAC;faperj42;1;nov22;Smilax rufescens;0.36
FAAC;faperj42;1;nov22;Miscelanea;0.69
FAAC;faperj42;1;nov22;Capparis flexuosa;0.59
FAAC;faperj42;1;nov22;Eugenia rigida;3.00
FAAC;faperj42;1;nov22;Erythroxylum ovalifolium;0.59
FAAC;faperj42;1;nov22;Maytenus obtusifolia;0.29
FAAC;faperj42;2;nov22;Smilax rufescens;0.30
FAAC;faperj42;2;nov22;Capparis flexuosa;0.07
FAAC;faperj42;2;nov22;Eugenia rigida;3.02
FAAC;faperj42;2;nov22;Miscelanea;0.6
FAAC;faperj42;2;nov22;Maytenus obtusifolia;0.48
FAAC;faperj42;2;nov22;Neomitrantes obscura;0.05
FAAC;faperj42;2;nov22;Galhos;0.59
FAAC;faperj42;2;nov22;Paullinia weinmannifolia;0.43
FAAC;faperj42;3;nov22;Bonnetia anceps;0.51
FAAC;faperj42;3;nov22;Capparis flexuosa;0.45
FAAC;faperj42;3;nov22;Miscelanea;1.14
FAAC;faperj42;3;nov22;Paullinia weinmannifolia;0.11
FAAC;faperj42;3;nov22;Galhos;0.05
FAAC;faperj43;1;nov22;Chiococca alba;0.84
FAAC;faperj43;1;nov22;Miscelanea;0.41
FAAC;faperj43;1;nov22;Clusia hilariana;2.92
FAAC;faperj43;1;nov22;Tapirira guianensis;0.19
FAAC;faperj43;1;nov22;Galhos;1.14
FAAC;faperj43;1;nov22;Erythroxylum ovalifolium;0.22
FAAC;faperj43;2;nov22;Clusia hilariana;0.80
FAAC;faperj43;2;nov22;Chiococca alba;1.33
FAAC;faperj43;2;nov22;Miscelanea;0.18
FAAC;faperj43;2;nov22;Estrutura reprodutiva;0.34
FAAC;faperj43;2;nov22;Galhos;0.32
FAAC;faperj43;3;nov22;Tapirira guianensis;3.05
FAAC;faperj43;3;nov22;Galhos;0.74
FAAC;faperj43;3;nov22;Miscelanea;0.16
FAAC;faperj43;3;nov22;Clusia hilariana;1.81
FAAC;faperj44;1;nov22;Erythroxylum ovalifolium;0.18
FAAC;faperj44;1;nov22;Neomitrantes obscura;0.19
FAAC;faperj44;1;nov22;Miscelanea;0.61
FAAC;faperj44;1;nov22;Eugenia repanda;0.02
FAAC;faperj44;1;nov22;Ocotea notata;0.73
FAAC;faperj44;1;nov22;Galhos;4.22
FAAC;faperj44;2;nov22;Eugenia rigida;2.48
FAAC;faperj44;2;nov22;Clusia hilariana;1.26
FAAC;faperj44;2;nov22;Paullinia weinmannifolia;0.82
FAAC;faperj44;2;nov22;Ternstroemia brasiliensis;0.17
FAAC;faperj44;2;nov22;Miscelanea;0.56
FAAC;faperj44;2;nov22;Manilkara subsericea;0.23
FAAC;faperj44;2;nov22;Capparis flexuosa;0.50
FAAC;faperj44;2;nov22;Ocotea notata;0.12
FAAC;faperj44;2;nov22;Galhos;1.78
FAAC;faperj44;2;nov22;Tapirira guianensis;0.16
FAAC;faperj44;2;nov22;Erythroxylum ovalifolium;0.08
FAAC;faperj44;3;nov22;Estrutura reprodutiva;0.58
FAAC;faperj44;3;nov22;Paullinia weinmannifolia;0.20
FAAC;faperj44;3;nov22;Capparis flexuosa;0.43
FAAC;faperj44;3;nov22;Erythroxylum ovalifolium;0.22
FAAC;faperj44;3;nov22;Ternstroemia brasiliensis;0.37
FAAC;faperj44;3;nov22;Ocotea notata;0.52
MPI;faperj45;1;nov22;Ocotea notata;0.64
MPI;faperj45;1;nov22;Galhos;0.92
MPI;faperj45;1;nov22;Anthurium maricense;0.73
MPI;faperj45;1;nov22;Miscelanea;0.07
MPI;faperj45;1;nov22;Paullinia weinmannifolia;0.10
MPI;faperj45;2;nov22;Neomitrantes obscura;17.98
MPI;faperj45;2;nov22;Miscelanea;0.71
MPI;faperj45;2;nov22;Galhos;0.63
MPI;faperj45;2;nov22;Estrutura reprodutiva;0.01
MPI;faperj45;2;nov22;Ocotea notata;0.07
MPI;faperj45;2;nov22;Clusia hilariana;3.66
MPI;faperj45;2;nov22;Coccoloba arborescens;6.32
MPI;faperj45;2;nov22;Eugenia rigida;0.36
MPI;faperj45;3;nov22;Ocotea notata;2.08
MPI;faperj45;3;nov22;Galhos;0.37
MPI;faperj45;3;nov22;Bonnetia anceps;0.27
MPI;faperj45;3;nov22;Miscelanea;0.13
MPI;faperj45;3;nov22;Ternstroemia brasiliensis;0.84
MPI;faperj45;3;nov22;Chiococca alba;0.82
MPI;faperj45;3;nov22;Neomitrantes obscura;1.56
FAAC;faperj46;1;nov22;Bonnetia anceps;2.42
FAAC;faperj46;1;nov22;Clusia hilariana;0.25
FAAC;faperj46;1;nov22;Tocoyena Bullata;0.08
FAAC;faperj46;1;nov22;Estrutura reprodutiva;0.06
FAAC;faperj46;1;nov22;Miscelanea;0.47
FAAC;faperj46;2;nov22;Capparis flexuosa;0.26
FAAC;faperj46;2;nov22;Galhos;0.66
FAAC;faperj46;2;nov22;Eugenia rigida;0.32
FAAC;faperj46;2;nov22;Clusia hilariana;0.78
FAAC;faperj46;2;nov22;Bonnetia anceps;0.15
FAAC;faperj46;2;nov22;Miscelanea;0.24
FAAC;faperj46;2;nov22;Paullinia weinmannifolia;0.54
FAAC;faperj46;2;nov22;Erythroxylum ovalifolium;0.19
FAAC;faperj46;3;nov22;Miscelanea;0.98
FAAC;faperj46;3;nov22;Neomitrantes obscura;0.16
FAAC;faperj46;3;nov22;Eugenia rigida;0.90
FAAC;faperj46;3;nov22;Galhos;4.04
FAAC;faperj46;3;nov22;Estrutura reprodutiva;0.07
FAAC;faperj46;3;nov22;Paullinia weinmannifolia;0.36
FAAC;faperj46;2;nov22;Coccoloba arborescens;1.51
FAAC;faperj47;1;nov22;Amaioua pilosa;0.14
FAAC;faperj47;1;nov22;Estrutura reprodutiva;0.94
FAAC;faperj47;1;nov22;Galhos;0.80
FAAC;faperj47;1;nov22;Miscelanea;0.33
FAAC;faperj47;1;nov22;Ternstroemia brasiliensis;21.46
FAAC;faperj47;2;nov22;Ternstroemia brasiliensis;20.02
FAAC;faperj47;2;nov22;Ocotea notata;2.31
FAAC;faperj47;2;nov22;Galhos;1.27
FAAC;faperj47;2;nov22;Bonnetia anceps;0.15
FAAC;faperj47;2;nov22;Amaioua pilosa;0.14
FAAC;faperj47;2;nov22;Miscelanea;0.44
FAAC;faperj47;2;nov22;Estrutura reprodutiva;0.10
FAAC;faperj47;3;nov22;Galhos;0.23
FAAC;faperj47;3;nov22;Estrutura reprodutiva;0.05
FAAC;faperj47;3;nov22;Ternstroemia brasiliensis;10.70
FAAC;faperj47;3;nov22;Bonnetia anceps;0.17
FAAC;faperj47;3;nov22;Neomitrantes obscura;0.08
FAAC;faperj47;3;nov22;Miscelanea;0.36
FAAC;faperj47;3;nov22;Amaioua pilosa;0.36
MPI;faperj48;1;nov22;Chiococca alba;1.46
MPI;faperj48;1;nov22;Clusia hilariana;1.59
MPI;faperj48;1;nov22;Estrutura reprodutiva;0.72
MPI;faperj48;1;nov22;Galhos;16.08
MPI;faperj48;1;nov22;Miscelanea;0.43
MPI;faperj48;1;nov22;Smilax rufescens;0.18
MPI;faperj48;1;nov22;Paullinia weinmannifolia;0.5
MPI;faperj48;1;nov22;Ternstroemia brasiliensis;0.15
MPI;faperj48;1;nov22;Byrsonima sericea;0.35
MPI;faperj48;2;nov22;Chiococca alba;1.62
MPI;faperj48;2;nov22;Protium heptaphyllum;0.43
MPI;faperj48;2;nov22;Chiococca alba;0.14
MPI;faperj48;2;nov22;Miscelanea;0.42
MPI;faperj48;2;nov22;Galhos;1.40
MPI;faperj48;2;nov22;Byrsonima sericea;0.49
MPI;faperj48;3;nov22;Coccoloba arborescens;3.22
MPI;faperj48;3;nov22;Coccoloba arborescens;7.43
MPI;faperj48;3;nov22;Chiococca alba;1.26
MPI;faperj48;3;nov22;Estrutura reprodutiva;0.04
MPI;faperj48;3;nov22;Galhos;2.19
MPI;faperj48;3;nov22;Miscelanea;0.68
MPI;faperj48;3;nov22;Smilax rufescens;0.10
MPI;faperj48;3;nov22;Chiococca alba;0.68
MPI;faperj48;3;nov22;Paullinia weinmannifolia;0.56
MPI;faperj48;3;nov22;Ocotea notata;0.90
FAAC;faperj49;1;nov22;Smilax rufescens;0.35
FAAC;faperj49;1;nov22;Eugenia rigida;0.23
FAAC;faperj49;1;nov22;Byrsonima sericea;1.26
FAAC;faperj49;1;nov22;Ocotea notata;0.19
FAAC;faperj49;1;nov22;Capparis flexuosa;0.21
FAAC;faperj49;1;nov22;Miscelanea;0.15
FAAC;faperj49;1;nov22;Protium icicariba;0.09
FAAC;faperj49;1;nov22;Agarista revoluta;0.43
FAAC;faperj49;2;nov22;Galhos;0.12
FAAC;faperj49;2;nov22;Clusia hilariana;3.97
FAAC;faperj49;2;nov22;Manilkara pontuda;2.15
FAAC;faperj49;2;nov22;Estrutura reprodutiva;0.47
FAAC;faperj49;2;nov22;Agarista revoluta;0.22
FAAC;faperj49;2;nov22;Galhos;0.40
FAAC;faperj49;2;nov22;Miscelanea;0.47
FAAC;faperj49;2;nov22;Ternstroemia brasiliensis;1.80
FAAC;faperj49;2;nov22;Protium icicariba;0.15
FAAC;faperj49;3;nov22;Neomitrantes obscura;0.22
FAAC;faperj49;3;nov22;Ocotea notata;0.17
FAAC;faperj49;3;nov22;Miscelanea;0.37
FAAC;faperj49;3;nov22;Agarista revoluta;0.10
FAAC;faperj49;3;nov22;Smilax rufescens;0.20
FAAC;faperj49;3;nov22;Byrsonima sericea;1.59
FAAC;Faperj50;1;nov22;Ternstroemia brasiliensis;0.11
FAAC;faperj50;1;nov22;Protium icicariba;2.48
FAAC;faperj50;1;nov22;Smilax rufescens;0.69
FAAC;faperj50;1;nov22;Galhos;0.88
FAAC;faperj50;1;nov22;Bonnetia anceps;0.19
FAAC;faperj50;1;nov22;Ocotea notata;0.23
FAAC;faperj50;1;nov22;Humiria balsamifera;0.10
FAAC;faperj50;1;nov22;Myrsine parvifolia;0.11
FAAC;faperj50;1;nov22;Byrsonima sericea;0.48
FAAC;faperj50;1;nov22;Miscelanea;0.12
FAAC;faperj50;1;nov22;Estrutura reprodutiva;0.11
FAAC;faperj50;2;nov22;Smilax rufescens;0.19
FAAC;faperj50;2;nov22;Protium icicariba;1.31
FAAC;faperj50;2;nov22;Ternstroemia brasiliensis;5.78
FAAC;faperj50;2;nov22;Maytenus obtusifolia;0.07
FAAC;faperj50;2;nov22;Miscelanea;0.26
FAAC;faperj50;2;nov22;Myrsine parvifolia;0.13
FAAC;faperj50;2;nov22;Galhos;0.48
FAAC;faperj50;2;nov22;Ternstroemia brasiliensis;1.73
FAAC;faperj50;2;nov22;Byrsonima sericea;0.48
FAAC;faperj50;3;nov22;Protium icicariba;0.29
FAAC;faperj50;3;nov22;Byrsonima sericea;0.45
FAAC;faperj50;3;nov22;Clusia hilariana;0.07
FAAC;faperj50;3;nov22;Miscelanea;0.28
FAAC;faperj50;3;nov22;Myrsine parvifolia;0.17
FAAC;faperj50;3;nov22;Ocotea notata;0.40
FAAC;faperj50;3;nov22;Galhos;0.44
FAAC;faperj50;3;nov22;Estrutura reprodutiva;0.20
MPI;faperj51;1;nov22;Clusia hilariana;1.38
MPI;faperj51;1;nov22;Tapirira guianensis;2.28
MPI;faperj51;1;nov22;Coccoloba arborescens;1.77
MPI;faperj51;1;nov22;Ocotea notata;0.70
MPI;faperj51;1;nov22;Miscelanea;0.92
MPI;faperj51;1;nov22;Protium icicariba;1.12
MPI;faperj51;1;nov22;Myrcia lundiana;0.71
MPI;faperj51;1;nov22;Humiria balsamifera;0.22
MPI;faperj51;1;nov22;Estrutura reprodutiva;0.77
MPI;faperj51;1;nov22;Galhos;0.69
MPI;faperj51;1;nov22;Manilkara pontuda;0.32
MPI;faperj51;1;nov22;Amaioua pilosa;0.36
MPI;faperj51;2;nov22;Coccoloba arborescens;11.44
MPI;faperj51;2;nov22;Protium icicariba;3.20
MPI;faperj51;2;nov22;Neomitrantes obscura;0.22
MPI;faperj51;2;nov22;Tapirira guianensis;0.28
MPI;faperj51;2;nov22;Ocotea notata;1.40
MPI;faperj51;2;nov22;Myrcia lundiana;0.08
MPI;faperj51;2;nov22;Galhos;1.05
MPI;faperj51;2;nov22;Estrutura reprodutiva;0.42
MPI;faperj51;3;nov22;Protium icicariba;0.18
MPI;faperj51;3;nov22;Ocotea notata;0.16
MPI;faperj51;3;nov22;Coccoloba arborescens;5.58
MPI;faperj51;3;nov22;Clusia hilariana;1.79
MPI;faperj51;3;nov22;Myrcia lundiana;0.98
MPI;faperj51;3;nov22;Estrutura reprodutiva;0.11
MPI;faperj51;3;nov22;Smilax rufescens;1.26
MPI;faperj51;3;nov22;Tapirira guianensis;1.15
MPI;faperj51;3;nov22;Humiria balsamifera;0.08
MPI;faperj51;3;nov22;Galhos;0.45
MPI;faperj51;3;nov22;Miscelanea;0.80
MPI;faperj53;1;nov22;Coccoloba arborescens;0.97
MPI;faperj53;1;nov22;Paullinia weinmannifolia;0.86
MPI;faperj53;1;nov22;Miscelanea;0.86
MPI;faperj53;1;nov22;Manilkara pontuda;1.85
MPI;faperj53;1;nov22;Neomitrantes obscura;0.67
MPI;faperj53;1;nov22;Maytenus obtusifolia;2.63
MPI;faperj53;2;nov22;Ocotea notata;0.48
MPI;faperj53;2;nov22;Miscelanea;0.54
MPI;faperj53;2;nov22;Ternstroemia brasiliensis;0.28
MPI;faperj53;2;nov22;Galhos;1.53
MPI;faperj53;2;nov22;Coccoloba arborescens;6.53
MPI;faperj53;2;nov22;Eugenia rigida;1.04
MPI;faperj53;3;nov22;Galhos;0.14
MPI;faperj53;3;nov22;Eugenia rigida;0.80
MPI;faperj53;3;nov22;Myrcia lundiana;0.47
MPI;faperj53;3;nov22;Calyptranthes brasiliensis;0.18
MPI;faperj53;3;nov22;Ocotea notata;1.02
MPI;faperj53;3;nov22;Senna;0.80
MPI;faperj53;3;nov22;Coccoloba arborescens;3.44
MPI;faperj53;3;nov22;Estrutura reprodutiva;1.35
MPI;faperj53;3;nov22;Miscelanea;0.44
MPI;faperj53;3;nov22;Eugenia umbelifolia;0.01
MPI;faperj53;3;nov22;Ternstroemia brasiliensis;0.27
MPI;faperj53;3;nov22;Paullinia weinmannifolia;0.15
MPI;faperj54;1;nov22;Ternstroemia brasiliensis;0.94
MPI;faperj54;1;nov22;Ocotea notata;1.11
MPI;faperj54;1;nov22;Aechmea brasiliensis;6.90
MPI;faperj54;1;nov22;Smilax rufescens;0.07
MPI;faperj54;1;nov22;Eugenia umbelifolia;1.69
MPI;faperj54;1;nov22;Capparis flexuosa;1.30
MPI;faperj54;1;nov22;Aspidosperma parvifolium;0.14
MPI;faperj54;1;nov22;Estrutura reprodutiva;0.17
MPI;faperj54;1;nov22;Miscelanea;0.05
MPI;faperj54;1;nov22;Galhos;6.13
MPI;faperj54;2;nov22;Anarcardium occidentale;1.28
MPI;faperj54;2;nov22;Eugenia umbelifolia;1.39
MPI;faperj54;2;nov22;Erythroxylum ovalifolium;0.13
MPI;faperj54;2;nov22;Galhos;0.21
MPI;faperj54;2;nov22;Estrutura reprodutiva;0.10
MPI;faperj54;2;nov22;Byrsonima sericea;0.54
MPI;faperj54;2;nov22;Paullinia weinmannifolia;0.55
MPI;faperj54;2;nov22;Miscelanea;0.15
MPI;faperj54;3;nov22;Clusia hilariana;4.39
MPI;faperj54;3;nov22;Ocotea notata;0.96
MPI;faperj54;3;nov22;Smilax rufescens;0.04
MPI;faperj54;3;nov22;Paullinia weinmannifolia;0.21
MPI;faperj54;3;nov22;Galhos;0.63
MPI;faperj54;3;nov22;Eugenia rigida;0.33
MPI;faperj54;3;nov22;Miscelanea;0.40
FAAC;faperj55;1;nov22;Ternstroemia brasiliensis;3.15
FAAC;faperj55;1;nov22;Protium icicariba;0.06
FAAC;faperj55;1;nov22;Smilax rufescens;0.13
FAAC;faperj55;1;nov22;Ocotea notata;0.40
FAAC;faperj55;1;nov22;Estrutura reprodutiva;0.61
FAAC;faperj55;1;nov22;Galhos;0.28
FAAC;faperj55;1;nov22;Miscelanea;0.35
FAAC;faperj55;1;nov22;Manilkara pontuda;0.53
FAAC;faperj55;2;nov22;Clusia hilariana;2.16
FAAC;faperj55;2;nov22;Smilax rufescens;0.23
FAAC;faperj55;2;nov22;Miscelanea;0.27
FAAC;faperj55;2;nov22;Galhos;0.91
FAAC;faperj55;2;nov22;Humiria balsamifera;0.44
FAAC;faperj55;2;nov22;Ocotea notata;0.38
FAAC;faperj55;3;nov22;Protium icicariba;1.30
FAAC;faperj55;3;nov22;Ocotea notata;0.33
FAAC;faperj55;3;nov22;Galhos;1.45
FAAC;faperj55;3;nov22;Smilax rufescens;0.33
FAAC;fapejr56;1;nov22;Clusia hilariana;4.27
FAAC;faperj56;1;nov22;Estrutura reprodutiva;1.36
FAAC;faperj56;1;nov22;Galhos;0.91
FAAC;faperj56;1;nov22;Paullinia weinmannifolia;0.07
FAAC;faperj56;1;nov22;Ocotea notata;0.17
FAAC;faperj56;1;nov22;Miscelanea;0.29
FAAC;faperj56;1;nov22;Ternstroemia brasiliensis;6.16
FAAC;faperj56;1;nov22;Myrsine?;0.2
FAAC;faperj56;2;nov22;Estrutura reprodutiva;0.82
FAAC;faperj56;2;nov22;Galhos;0.29
FAAC;faperj56;2;nov22;Aechmea brasiliensis;0.25
FAAC;faperj56;2;nov22;Ouratea cuspidata;0.36
FAAC;faperj56;2;nov22;Ternstroemia brasiliensis;4.12
FAAC;faperj56;2;nov22;Erythroxylum ovalifolium;0.81
FAAC;faperj56;2;nov22;Ocotea notata;0.23
FAAC;faperj56;2;nov22;Manilkara subsericea;0.19
FAAC;faperj56;3;nov22;Tapirira guianensis;0.42
FAAC;faperj56;3;nov22;Smilax rufescens;0.14
FAAC;faperj56;3;nov22;Ternstroemia brasiliensis;0.26
FAAC;faperj56;3;nov22;Miscelanea;0.29
FAAC;faperj56;3;nov22;Estrutura reprodutiva;0.22
FAAC;faperj56;3;nov22;Galhos;0.34
FAAC;faperj56;3;nov22;Paullinia weinmannifolia;0.13
FAAC;faperj56;3;nov22;Ouratea cuspidata;0.44
FAAC;faperj56;3;nov22;Byrsonima sericea;0.13
FAAC;faperj56;3;nov22;Ocotea notata;1.27
FAAC;faperj56;3;nov22;Bonnetia anceps;0.66
FPP;fap68.2;1;nov22;Paullinia weinmannifolia;0.63
FPP;fap68.2;1;nov22;Miscelanea;0.21
FPP;fap68.2;1;nov22;Ternstroemia brasiliensis;0.30
FPP;fap68.2;1;nov22;Maytenus obtusifolia;0.35
FPP;fap68.2;1;nov22;Eugenia rigida;0.64
FPP;fap68.2;1;nov22;Galhos;9.63
FPP;fap68.2;1;nov22;Capparis flexuosa;0.86
FPP;fap68.2;2;nov22;Eugenia rigida;0.19
FPP;fap68.2;2;nov22;Capparis flexuosa;1.32
FPP;fap68.2;2;nov22;Maytenus obtusifolia;0.31
FPP;fap68.2;2;nov22;Paullinia weinmannifolia;0.15
FPP;fap68.2;2;nov22;Galhos;0.75
FPP;fap68.2;2;nov22;Manilkara subsericea;0.23
FPP;fap68.2;2;nov22;Ternstroemia brasiliensis;0.43
FPP;fap68.2;3;nov22;Paullinia weinmannifolia;0.27
FPP;fap68.2;3;nov22;Miscelanea;0.37
FPP;fap68.2;3;nov22;Galhos;0.44
FPP;fap68.2;3;nov22;Eugenia rigida;3.81
FAAC;faperj70.2;1;nov22;Ocotea notata;0.27
FAAC;faperj70.2;1;nov22;Protium icicariba;0.85
FAAC;faperj70.2;1;nov22;Neomitrantes obscura;0.16
FAAC;faperj70.2;1;nov22;Estrutura reprodutiva;0.26
FAAC;faperj70.2;1;nov22;Galhos;0.22
FAAC;faperj70.2;1;nov22;Miscelanea;0.14
FAAC;faperj70.2;2;nov22;Galhos;0.83
FAAC;faperj70.2;2;nov22;Ocotea notata;0.57
FAAC;faperj70.2;2;nov22;Estrutura reprodutiva;0.27
FAAC;faperj70.2;2;nov22;Miscelanea;0.18
FAAC;faperj70.2;3;nov22;Smilax rufescens;0.17
FAAC;faperj70.2;3;nov22;Neomitrantes obscura;1.50
FAAC;faperj70.2;3;nov22;Miscelanea;0.13
FAAC;faperj70.2;3;nov22;Paullinia weinmannifolia;0.03
MPI;faperj72;1;nov22;Protium icicariba;0.66
MPI;faperj72;1;nov22;Humiria balsamifera;0.28
MPI;faperj72;1;nov22;Byrsonima sericea;0.16
MPI;faperj72;1;nov22;Coccoloba arborescens;0.40
MPI;faperj72;1;nov22;Chiococca alba;0.68
MPI;faperj72;1;nov22;Anthurium maricense;0.31
MPI;faperj72;1;nov22;Tapirira guianensis;0.62
MPI;faperj72;1;nov22;Capparis flexuosa;0.08
MPI;faperj72;1;nov22;Miscelanea;0.12
MPI;faperj72;1;nov22;Humiria balsamifera;0.65
MPI;faperj72;1;nov22;Miscelanea;0.81
MPI;faperj72;2;nov22;Coccoloba arborescens;0.16
MPI;faperj72;2;nov22;Estrutura reprodutiva;1.92
MPI;faperj72;2;nov22;Protium icicariba;0.45
MPI;faperj72;2;nov22;Galhos;1.32
MPI;faperj72;2;nov22;Eugenia rigida;0.16
MPI;faperj72;2;nov22;Humiria balsamifera;0.36
MPI;faperj72;2;nov22;Miscelanea;0.82
MPI;faperj72;2;nov22;Calyptranthes brasiliensis;0.16
MPI;faperj72;2;nov22;Coccoloba arborescens;0.63
MPI;faperj72;2;nov22;Estrutura reprodutiva;0.13
MPI;faperj72;2;nov22;Tapirira guianensis;1.02
MPI;faperj72;2;nov22;Clusia hilariana;7.19
MPI;faperj72;3;nov22;Humiria balsamifera;0.79
MPI;faperj72;3;nov22;Tapirira guianensis;1.08
MPI;faperj72;3;nov22;Protium icicariba;1.01
MPI;faperj72;3;nov22;Galhos;2.36
MPI;faperj72;3;nov22;Chiococca alba;0.12
MPI;faperj72;3;nov22;Clusia hilariana;0.66
MPI;faperj72;3;nov22;Miscelanea;0.29
FAAC;fap73.2;1;nov22;Smilax rufescens;0.02
FAAC;fap73.2;1;nov22;Miscelanea;0.02
FAAC;fap73.2;1;nov22;Estrutura reprodutiva;0.03
FAAC;fap73.2;1;nov22;Galhos;6.79
FAAC;fap73.2;2;nov22;Maytenus obtusifolia;0.06
FAAC;fap73.2;2;nov22;Miscelanea;0.60
FAAC;fap73.2;2;nov22;Estrutura reprodutiva;0.71
FAAC;fap73.2;2;nov22;Capparis flexuosa;0.35
FAAC;fap73.2;2;nov22;Erythroxylum ovalifolium;0.09
FAAC;fap73.2;2;nov22;Ocotea notata;0.22
FAAC;fap73.2;2;nov22;Clusia hilariana;2.55
FAAC;fap73.2;2;nov22;Byrsonima sericea;0.32
FAAC;fap73.2;2;nov22;Capparis flexuosa;0.12
FAAC;fap73.2;2;nov22;Galhos;6.79
FAAC;fap73.2;3;nov22;Erythroxylum ovalifolium;0.48
FAAC;fap73.2;3;nov22;Smilax rufescens;0.38
FAAC;fap73.2;3;nov22;Ocotea notata;3.67
FAAC;fap73.2;3;nov22;Estrutura reprodutiva;2.24
FAAC;fap73.2;3;nov22;Miscelanea;0.41
FAAC;fap73.2;3;nov22;Erythroxylum ovalifolium;0.01
FAAC;faperj74;1;nov22;Protium icicariba;0.39
FAAC;faperj74;1;nov22;Ocotea notata;0.25
FAAC;faperj74;1;nov22;Humiria balsamifera;0.05
FAAC;faperj74;1;nov22;Byrsonima sericea;1.20
FAAC;faperj74;2;nov22;Byrsonima sericea;0.13
FAAC;faperj74;2;nov22;Paullinia weinmannifolia;0.61
FAAC;faperj74;2;nov22;Maytenus obtusifolia;1.08
FAAC;faperj74;2;nov22;MIscelanea;0.43
FAAC;faperj74;3;nov22;Smilax rufescens;0.79
FAAC;faperj74;3;nov22;Ocotea notata;0.14
FAAC;faperj74;3;nov22;Clusia hilariana;12.14
FAAE;fap77;1;nov22;Tapirira guianensis;0.32
FAAE;fap77;1;nov22;Estrutura reprodutiva;0.01
FAAE;fap77;1;nov22;Smilax rufescens;0.20
FAAE;fap77;1;nov22;Galhos;0.35
FAAE;fap77;1;nov22;Humiria balsamifera;1.54
FAAE;fap77;1;nov22;Ternstroemia brasiliensis;0.01
FAAE;fap77;1;nov22;Miscelanea;0.46
FAAE;fap77;2;nov22;Miscelanea;0.58
FAAE;fap77;2;nov22;Galhos;1.34
FAAE;fap77;2;nov22;Smilax rufescens;0.92
FAAE;fap77;2;nov22;Protium icicariba;0.60
FAAE;fap77;2;nov22;Ternstroemia brasiliensis;1.45
FAAE;fap77;3;nov22;Miscelanea;0.78
FAAE;fap77;2;nov22;Galhos;1.99
FAAE;fap77;2;nov22;Humiria balsamifera;0.50
FAAE;fap77;2;nov22;Smilax rufescens;0.58
FAAE;fap77;2;nov22;Ternstroemia brasiliensis;2.10
FAAE;fap77;2;nov22;Manilkara subsericea;0.25
FPP;fap78;1;nov22;Erythroxylum ovalifolium;0.01
FPP;fap78;1;nov22;Galhos;3.43
FPP;fap78;1;nov22;Eugenia rigida;2.14
FPP;fap78;1;nov22;Andira legalis;0.01
FPP;fap78;1;nov22;Smilax rufescens;0.01
FPP;fap78;1;nov22;Byrsonima sericea;3.89
FPP;fap78;1;nov22;Miscelanea;0.25
FPP;fap78;2;nov22;Galhos;2.73
FPP;fap78;2;nov22;Miscelanea;1.09
FPP;fap78;2;nov22;Eugenia rigida;5.97
FPP;fap78;2;nov22;Manilkara subsericea;0.56
FPP;fap78;2;nov22;Maytenus obtusifolia;0.49
FPP;fap78;2;nov22;Tocoyena bullata;0.12
FPP;fap78;3;nov22;Andira legalis;0.80
FPP;fap78;3;nov22;Miscelanea;0.45
FPP;fap78;3;nov22;Galhos;2.34
FPP;fap78;3;nov22;Eugenia rigida;6.75
FAAE;fap79;1;nov22;Humiria balsamifera;3.35
FAAE;fap79;1;nov22;Myrtaceae1;0.04
FAAE;fap79;1;nov22;Protium icicariba;3.14
FAAE;fap79;1;nov22;Miscelanea;0.28
FAAE;fap79;1;nov22;Coccoloba arborescens;1.07
FAAE;fap79;1;nov22;Ternstroemia brasiliensis;0.65
FAAE;fap79;1;nov22;Smilax rufescens;0.87
FAAE;fap79;1;nov22;Galhos;0.91
FAAE;fap79;1;nov22;Estrutura reprodutiva;0.06
FAAE;fap79;1;nov22;Clusia hilariana;1.88
FAAE;fap79;1;nov22;Maytenus obtusifolia;0.08
FAAE;fap79;2;nov22;Protium icicariba;0.24
FAAE;fap79;2;nov22;Galhos;0.79
FAAE;fap79;2;nov22;Miscelanea;1.04
FAAE;fap79;2;nov22;Maytenus obtusifolia;0.51
FAAE;fap79;2;nov22;Folha finissima;0.08
FAAE;fap79;3;nov22;Clusia hilariana;8.74
FAAE;fap79;2;nov22;Ocotea notata;0.14
FAAE;fap79;3;nov22;Humiria balsamifera;0.90
FAAE;fap79;3;nov22;Coccoloba arborescens;0.45
FAAE;fap79;3;nov22;Vernonia crotonoides;0.52
FAAE;fap79;3;nov22;Miscelanea;0.68
FAAE;fap79;3;nov22;Galhos;0.06
FAAE;fap79;3;nov22;Humiria balsamifera;1.05
FAAE;fap79;3;nov22;Protium icicariba;0.54
FPP;faperj80;1;nov22;Paullinia weinmannifolia;1.42
FPP;faperj80;1;nov22;Estrutura reprodutiva;1.15
FPP;faperj80;1;nov22;Humiria balsamifera;0.01
FPP;faperj80;1;nov22;Miscelanea;0.55
FPP;faperj80;1;nov22;Galhos;8.76
FPP;faperj80;1;nov22;Amaioua pilosa;0.66
FPP;faperj80;1;nov22;Capparis flexuosa;0.34
FPP;faperj80;1;nov22;Maytenus obtusifolia;1.54
FPP;faperj80;1;nov22;Ternstroemia brasiliensis;0.11
FPP;faperj80;1;nov22;Protium icicariba;1.16
FPP;faperj80;2;nov22;Ocotea notata;0.16
FPP;faperj80;2;nov22;Byrsonima sericea;0.33
FPP;faperj80;2;nov22;Galhos;0.24
FPP;faperj80;2;nov22;Protium icicariba;2.46
FPP;faperj80;2;nov22;Miscelanea;1.23
FPP;faperj80;2;nov22;Smilax rufescens;0.15
FPP;faperj80;2;nov22;Calyptranthes brasiliensis;1.39
FPP;faperj80;2;nov22;Erythroxylum ovalifolium;0.39
FPP;faperj80;3;nov22;Protium icicariba;0.40
FPP;faperj80;3;nov22;Erythroxylum ovalifolium;0.13
FPP;faperj80;3;nov22;Galhos;0.29
FPP;faperj80;3;nov22;Estrutura reprodutiva;2.14
FPP;faperj80;3;nov22;Maytenus obtusifolia;1.69
FPP;faperj80;3;nov22;Myrsine parvifolia;0.01
FPP;faperj80;3;nov22;Miscelanea;0.28
FPP;faperj80;3;nov22;Eugenia rigida;0.33
FPP;fap85;1;nov22;Clusia hilariana;12.36
FPP;fap85;1;nov22;Manilkara subsericea;0.38
FPP;fap85;1;nov22;Tocoyena bullata;0.31
FPP;fap85;1;nov22;Calyptranthes brasiliensis;0.21
FPP;fap85;1;nov22;Eugenia rigida;1.83
FPP;fap85;1;nov22;Miscelanea;0.90
FPP;fap85;1;nov22;Galhos;1.76
FPP;fap85;1;nov22;Paullinia weinmannifolia;0.06
FPP;fap85;1;nov22;Smilax rufescens;0.17
FPP;fap85;2;nov22;Galhos;0.42
FPP;fap85;2;nov22;Erythroxylum ovalifolium;0.04
FPP;fap85;2;nov22;Miscelanea;1.75
FPP;fap85;3;nov22;Miscelanea;1.72
FPP;fap85;3;nov22;Aechmea brasiliensis;0.66
FPP;fap85;3;nov22;Galhos;1.17
FPP;fap85;3;nov22;Eugenia rigida;0.60
MPI;fap90;1;nov22;Ormosia arborea;2.00
MPI;fap90;1;nov22;Miscelanea;0.31
MPI;fap90;1;nov22;Galhos;0.22
MPI;fap90;1;nov22;Estrutura reprodutiva;0.52
MPI;fap90;1;nov22;Maytenus obtusifolia;0.57
MPI;fap90;1;nov22;Ocotea notata;0.75
MPI;fap90;1;nov22;Chiococca alba;0.28
MPI;fap90;1;nov22;Anthurium maricense;1.63
MPI;fap90;2;nov22;Miscelanea;0.14
MPI;fap90;2;nov22;Galhos;8.24
MPI;fap90;2;nov22;Chiococca alba;0.13
MPI;fap90;2;nov22;Ovada oposta;3.12
MPI;fap90;3;nov22;Ocotea notata;0.34
MPI;fap90;3;nov22;Anthurium maricense;1.99
MPI;fap90;3;nov22;MIscelanea;0.67
MPI;fap90;3;nov22;Chiococca alba;0.38
MPI;fap90;3;nov22;Tapirira guianensis;0.64
MPI;fap90;3;nov22;Galhos;0.23
MPI;fap90;3;nov22;Ternstroemia brasiliensis;0.32
MPI;fap91;1;nov22;Protium icicariba;0.38
MPI;fap91;1;nov22;Ocotea notata;0.93
MPI;fap91;1;nov22;Galhos;0.15
MPI;fap91;1;nov22;Tapirira guianensis;0.15
MPI;fap91;1;nov22;Paullinia weinmannifolia;0.16
MPI;fap91;1;nov22;Miscelanea;0.41
MPI;fap91;2;nov22;Amaioua pilosa;0.05
MPI;fap91;2;nov22;Galhos;0.08
MPI;fap91;2;nov22;Eugenia rigida;0.15
MPI;fap91;2;nov22;Miscelanea;0.42
MPI;fap91;2;nov22;Ocotea notata;0.41
MPI;fap91;2;nov22;Byrsonima sericea;4.15
MPI;fap91;2;nov22;Paullinia weinmannifolia;0.54
MPI;fap91;3;nov22;Byrsonima sericea;0.59
MPI;fap91;3;nov22;Clusia hilariana;3.76
MPI;fap91;3;nov22;Estrutura reprodutiva;0.22
MPI;fap91;3;nov22;Paullinia weinmannifolia;0.17
MPI;fap91;3;nov22;Eugenia rigida;0.28
MPI;fap91;3;nov22;Galhos;0.16
MPI;fap91;3;nov22;Miscelanea;0.06
MPI;fap91;3;nov22;Ocotea notata;1.80
FAAC;fap92;1;nov22;Byrsonima sericea;0.85
FAAC;fap92;1;nov22;Eugenia rigida;0.47
FAAC;fap92;1;nov22;Eugenia umbelifolia;0.05
FAAC;fap92;1;nov22;Estrutura reprodutiva;0.26
FAAC;fap92;1;nov22;Miscelanea;0.06
FAAC;fap92;1;nov22;Erythroxylum ovalifolium;0.16
FAAC;fap92;1;nov22;Galhos;0.31
FAAC;fap92;2;nov22;Miscelanea;0.26
FAAC;fap92;2;nov22;Estrutura reprodutiva;0.32
FAAC;fap92;2;nov22;Galhos;0.12
FAAC;fap92;2;nov22;Ternstroemia brasiliensis;6.72
FAAC;fap92;2;nov22;Eugenia rigida;0.11
FAAC;fap92;2;nov22;Clusia hilariana;1.13
FAAC;fap92;2;nov22;Protium icicariba;0.10
FAAC;fap92;2;nov22;Neomitrantes obscura;0.21
FAAC;fap92;3;nov22;Galhos;1.49
FAAC;fap92;3;nov22;Smilax rufescens;0.07
FAAC;fap92;3;nov22;Galhos;1.49
FAAC;fap92;3;nov22;Eugenia rigida;0.18
FAAC;fap92;3;nov22;Paullinia weinmannifolia;0.07
FAAC;fap92;3;nov22;Byrsonima sericea;0.23
FAAC;fap92;3;nov22;Capparis flexuosa;0.50
FAAE;fap101;1;nov22;Ocotea notata;0.16
FAAE;fap101;1;nov22;Ternstroemia brasiliensis;0.76
FAAE;fap101;1;nov22;Galhos;0.65
FAAE;fap101;1;nov22;Humiria balsamifera;0.76
FAAE;fap101;1;nov22;Protium icicariba;0.95
FAAE;fap101;1;nov22;Miscelanea;0.20
FAAE;fap101;2;nov22;Ternstroemia brasiliensis;0.42
FAAE;fap101;2;nov22;Clusia hilariana;0.86
FAAE;fap101;2;nov22;Smilax rufescens;0.17
FAAE;fap101;2;nov22;Galhos;0.29
FAAE;fap101;2;nov22;Ocotea notata;0.22
FAAE;fap101;2;nov22;Protium icicariba;0.95
FAAE;fap101;2;nov22;Humiria balsamifera;0.57
FAAE;fap101;2;nov22;Coccoloba arborescens;0.08
FAAE;fap101;2;nov22;Miscelanea;0.32
FAAE;fap101;2;nov22;Coccoloba arborescens;1.09
FAAE;fap101;3;nov22;Ternstroemia brasiliensis;0.95
FAAE;fap101;3;nov22;Ocotea notata;0.13
FAAE;fap101;3;nov22;Galhos;1.04
FAAE;fap101;3;nov22;Smilax rufescens;0.02
FAAE;fap101;3;nov22;Coccoloba arborescens;0.44
FAAE;fap101;3;nov22;Miscelanea;0.50
FAAE;fap101;3;nov22;Humiria balsamifera;1.96
FAAE;fap101;3;nov22;Coccoloba arborescens;1.08
FAAE;fap101;3;nov22;Protium icicariba;0.74
FAAE;fap101;3;nov22;Smilax rufescens;0.22
FAAC;faperj102;1;nov22;Clusia hilariana;0.53
FAAC;faperj102;1;nov22;Smilax rufescens;0.35
FAAC;faperj102;1;nov22;Ternstroemia brasiliensis;0.61
FAAC;faperj102;1;nov22;Myrtaceae1;0.02
FAAC;faperj102;1;nov22;Tapirira guianensis;0.10
FAAC;faperj102;1;nov22;Estrutura reprodutiva;0.08
FAAC;faperj102;1;nov22;Byrsonima sericea;0.16
FAAC;faperj102;1;nov22;Galhos;0.14
FAAC;faperj102;1;nov22;Miscelanea;0.10
FAAC;faperj102;2;nov22;Ocotea notata;0.33
FAAC;faperj102;2;nov22;Maytenus obtusifolia;0.44
FAAC;faperj102;2;nov22;Myrtaceae1;0.02
FAAC;faperj102;2;nov22;Estrutura reprodutiva;0.18
FAAC;faperj102;2;nov22;Clusia hilariana;0.49
FAAC;faperj102;2;nov22;Miscelanea;0.25
FAAC;faperj102;2;nov22;Protium icicariba;0.16
FAAC;faperj102;2;nov22;Galhos;1.84
FAAC;faperj102;2;nov22;Ternstroemia brasiliensis;2.38
FAAC;faperj102;2;nov22;Byrsonima sericea;0.22
FAAC;faperj102;3;nov22;Ocotea notata;0.57
FAAC;faperj102;3;nov22;Miscelanea;0.25
FAAC;faperj102;3;nov22;Protium icicariba;0.21
FAAC;faperj102;3;nov22;Smilax Rufescens;0.01
FAAC;faperj102;3;nov22;Eugenia rigida;0.14
FAAC;faperj102;3;nov22;Coccoloba arborescens;0.37
FAAC;faperj102;3;nov22;Galhos;1.39
FAAC;faperj102;3;nov22;Ternstroemia brasiliensis;2.53
FAAC;faperj102;3;nov22;Erythroxylum ovalifolium;0.09
FAAC;faperj102;3;nov22;Anthurium maricense;3.83
FAAC;faperj102;3;nov22;Eugenia rigida;0.20
FAAC;faperj103;1;nov22;Clusia hilariana;1.62
FAAC;faperj103;1;nov22;Byrsonima sericea;0.25
FAAC;faperj103;1;nov22;Miscelanea;0.67
FAAC;faperj103;1;nov22;Galhos;0.53
FAAC;faperj103;1;nov22;Protium icicariba;0.14
FAAC;faperj103;1;nov22;Smilax rufescens;0.26
FAAC;faperj103;1;nov22;Ocotea notata;0.99
FAAC;faperj103;1;nov22;Neomitrantes obscura;0.34
FAAC;faperj103;1;nov22;Maytenus obtusifolia;1.34
FAAC;faperj103;1;nov22;Estrutura reprodutiva;1.02
FAAC;faperj103;2;nov22;Protium icicariba;0.33
FAAC;faperj103;2;nov22;Neomitrantes obscura;0.46
FAAC;faperj103;2;nov22;Humiria balsamifera;0.02
FAAC;faperj103;2;nov22;Miscelanea;0.24
FAAC;faperj103;2;nov22;Byrsonima sericea;0.54
FAAC;faperj103;2;nov22;Galhos;0.14
FAAC;faperj103;2;nov22;Clusia hilariana;10.28
FAAC;faperj103;3;nov22;Miscelanea;0.30
FAAC;faperj103;3;nov22;Clusia hilariana;0.75
FAAC;faperj103;3;nov22;Maytenus obtusifolia;0.34
FAAC;faperj103;3;nov22;Galhos;0.75
FAAC;faperj103;3;nov22;Ocotea notata;2.65
